crossid,Country name,year,Life Ladder
Afghanistan_2008,Afghanistan,2008,3.724
Afghanistan_2009,Afghanistan,2009,4.402
Afghanistan_2010,Afghanistan,2010,4.758
Afghanistan_2011,Afghanistan,2011,3.832
Afghanistan_2012,Afghanistan,2012,3.783
Afghanistan_2013,Afghanistan,2013,3.572
Afghanistan_2014,Afghanistan,2014,3.131
Afghanistan_2015,Afghanistan,2015,3.983
Afghanistan_2016,Afghanistan,2016,4.220
Afghanistan_2017,Afghanistan,2017,2.662
Afghanistan_2018,Afghanistan,2018,2.694
Afghanistan_2019,Afghanistan,2019,2.375
Afghanistan_2021,Afghanistan,2021,2.436
Afghanistan_2022,Afghanistan,2022,1.281
Afghanistan_2023,Afghanistan,2023,1.446
Albania_2007,Albania,2007,4.634
Albania_2009,Albania,2009,5.485
Albania_2010,Albania,2010,5.269
Albania_2011,Albania,2011,5.867
Albania_2012,Albania,2012,5.510
Albania_2013,Albania,2013,4.551
Albania_2014,Albania,2014,4.814
Albania_2015,Albania,2015,4.607
Albania_2016,Albania,2016,4.511
Albania_2017,Albania,2017,4.640
Albania_2018,Albania,2018,5.004
Albania_2019,Albania,2019,4.995
Albania_2020,Albania,2020,5.365
Albania_2021,Albania,2021,5.255
Albania_2022,Albania,2022,5.212
Albania_2023,Albania,2023,5.445
Algeria_2010,Algeria,2010,5.464
Algeria_2011,Algeria,2011,5.317
Algeria_2012,Algeria,2012,5.605
Algeria_2014,Algeria,2014,6.355
Algeria_2016,Algeria,2016,5.341
Algeria_2017,Algeria,2017,5.249
Algeria_2018,Algeria,2018,5.043
Algeria_2019,Algeria,2019,4.745
Algeria_2020,Algeria,2020,5.438
Algeria_2021,Algeria,2021,5.217
Algeria_2022,Algeria,2022,5.538
Angola_2011,Angola,2011,5.589
Angola_2012,Angola,2012,4.360
Angola_2013,Angola,2013,3.937
Angola_2014,Angola,2014,3.795
Argentina_2006,Argentina,2006,6.313
Argentina_2007,Argentina,2007,6.073
Argentina_2008,Argentina,2008,5.961
Argentina_2009,Argentina,2009,6.424
Argentina_2010,Argentina,2010,6.441
Argentina_2011,Argentina,2011,6.776
Argentina_2012,Argentina,2012,6.468
Argentina_2013,Argentina,2013,6.582
Argentina_2014,Argentina,2014,6.671
Argentina_2015,Argentina,2015,6.697
Argentina_2016,Argentina,2016,6.427
Argentina_2017,Argentina,2017,6.039
Argentina_2018,Argentina,2018,5.793
Argentina_2019,Argentina,2019,6.086
Argentina_2020,Argentina,2020,5.901
Argentina_2021,Argentina,2021,5.908
Argentina_2022,Argentina,2022,6.261
Argentina_2023,Argentina,2023,6.393
Armenia_2006,Armenia,2006,4.289
Armenia_2007,Armenia,2007,4.882
Armenia_2008,Armenia,2008,4.652
Armenia_2009,Armenia,2009,4.178
Armenia_2010,Armenia,2010,4.368
Armenia_2011,Armenia,2011,4.260
Armenia_2012,Armenia,2012,4.320
Armenia_2013,Armenia,2013,4.277
Armenia_2014,Armenia,2014,4.453
Armenia_2015,Armenia,2015,4.348
Armenia_2016,Armenia,2016,4.325
Armenia_2017,Armenia,2017,4.288
Armenia_2018,Armenia,2018,5.062
Armenia_2019,Armenia,2019,5.488
Armenia_2021,Armenia,2021,5.301
Armenia_2022,Armenia,2022,5.382
Armenia_2023,Armenia,2023,5.679
Australia_2005,Australia,2005,7.341
Australia_2007,Australia,2007,7.285
Australia_2008,Australia,2008,7.254
Australia_2010,Australia,2010,7.450
Australia_2011,Australia,2011,7.406
Australia_2012,Australia,2012,7.196
Australia_2013,Australia,2013,7.364
Australia_2014,Australia,2014,7.289
Australia_2015,Australia,2015,7.309
Australia_2016,Australia,2016,7.250
Australia_2017,Australia,2017,7.257
Australia_2018,Australia,2018,7.177
Australia_2019,Australia,2019,7.234
Australia_2020,Australia,2020,7.137
Australia_2021,Australia,2021,7.112
Australia_2022,Australia,2022,7.035
Australia_2023,Australia,2023,7.025
Austria_2006,Austria,2006,7.122
Austria_2008,Austria,2008,7.181
Austria_2010,Austria,2010,7.303
Austria_2011,Austria,2011,7.471
Austria_2012,Austria,2012,7.401
Austria_2013,Austria,2013,7.499
Austria_2014,Austria,2014,6.950
Austria_2015,Austria,2015,7.076
Austria_2016,Austria,2016,7.048
Austria_2017,Austria,2017,7.294
Austria_2018,Austria,2018,7.396
Austria_2019,Austria,2019,7.195
Austria_2020,Austria,2020,7.213
Austria_2021,Austria,2021,7.080
Austria_2022,Austria,2022,6.999
Austria_2023,Austria,2023,6.636
Azerbaijan_2006,Azerbaijan,2006,4.728
Azerbaijan_2007,Azerbaijan,2007,4.568
Azerbaijan_2008,Azerbaijan,2008,4.817
Azerbaijan_2009,Azerbaijan,2009,4.574
Azerbaijan_2010,Azerbaijan,2010,4.219
Azerbaijan_2011,Azerbaijan,2011,4.680
Azerbaijan_2012,Azerbaijan,2012,4.911
Azerbaijan_2013,Azerbaijan,2013,5.481
Azerbaijan_2014,Azerbaijan,2014,5.252
Azerbaijan_2015,Azerbaijan,2015,5.147
Azerbaijan_2016,Azerbaijan,2016,5.304
Azerbaijan_2017,Azerbaijan,2017,5.152
Azerbaijan_2018,Azerbaijan,2018,5.168
Azerbaijan_2019,Azerbaijan,2019,5.173
Azerbaijan_2022,Azerbaijan,2022,4.576
Azerbaijan_2023,Azerbaijan,2023,5.214
Bahrain_2009,Bahrain,2009,5.701
Bahrain_2010,Bahrain,2010,5.937
Bahrain_2011,Bahrain,2011,4.824
Bahrain_2012,Bahrain,2012,5.027
Bahrain_2013,Bahrain,2013,6.690
Bahrain_2014,Bahrain,2014,6.165
Bahrain_2015,Bahrain,2015,6.007
Bahrain_2016,Bahrain,2016,6.170
Bahrain_2017,Bahrain,2017,6.227
Bahrain_2019,Bahrain,2019,7.098
Bahrain_2020,Bahrain,2020,6.173
Bahrain_2023,Bahrain,2023,5.959
Bangladesh_2006,Bangladesh,2006,4.319
Bangladesh_2007,Bangladesh,2007,4.607
Bangladesh_2008,Bangladesh,2008,5.052
Bangladesh_2009,Bangladesh,2009,5.083
Bangladesh_2010,Bangladesh,2010,4.858
Bangladesh_2011,Bangladesh,2011,4.986
Bangladesh_2012,Bangladesh,2012,4.724
Bangladesh_2013,Bangladesh,2013,4.660
Bangladesh_2014,Bangladesh,2014,4.636
Bangladesh_2015,Bangladesh,2015,4.633
Bangladesh_2016,Bangladesh,2016,4.556
Bangladesh_2017,Bangladesh,2017,4.310
Bangladesh_2018,Bangladesh,2018,4.499
Bangladesh_2019,Bangladesh,2019,5.114
Bangladesh_2020,Bangladesh,2020,5.280
Bangladesh_2021,Bangladesh,2021,4.123
Bangladesh_2022,Bangladesh,2022,3.408
Bangladesh_2023,Bangladesh,2023,4.114
Belarus_2006,Belarus,2006,5.658
Belarus_2007,Belarus,2007,5.617
Belarus_2008,Belarus,2008,5.463
Belarus_2009,Belarus,2009,5.564
Belarus_2010,Belarus,2010,5.526
Belarus_2011,Belarus,2011,5.225
Belarus_2012,Belarus,2012,5.749
Belarus_2013,Belarus,2013,5.876
Belarus_2014,Belarus,2014,5.812
Belarus_2015,Belarus,2015,5.719
Belarus_2016,Belarus,2016,5.178
Belarus_2017,Belarus,2017,5.553
Belarus_2018,Belarus,2018,5.234
Belarus_2019,Belarus,2019,5.821
Belgium_2005,Belgium,2005,7.262
Belgium_2007,Belgium,2007,7.219
Belgium_2008,Belgium,2008,7.117
Belgium_2010,Belgium,2010,6.854
Belgium_2011,Belgium,2011,7.111
Belgium_2012,Belgium,2012,6.935
Belgium_2013,Belgium,2013,7.104
Belgium_2014,Belgium,2014,6.855
Belgium_2015,Belgium,2015,6.904
Belgium_2016,Belgium,2016,6.949
Belgium_2017,Belgium,2017,6.928
Belgium_2018,Belgium,2018,6.892
Belgium_2019,Belgium,2019,6.772
Belgium_2020,Belgium,2020,6.839
Belgium_2021,Belgium,2021,6.882
Belgium_2022,Belgium,2022,6.857
Belgium_2023,Belgium,2023,6.944
Belize_2007,Belize,2007,6.451
Belize_2014,Belize,2014,5.956
Benin_2006,Benin,2006,3.330
Benin_2008,Benin,2008,3.667
Benin_2011,Benin,2011,3.870
Benin_2012,Benin,2012,3.193
Benin_2013,Benin,2013,3.479
Benin_2014,Benin,2014,3.347
Benin_2015,Benin,2015,3.625
Benin_2016,Benin,2016,4.007
Benin_2017,Benin,2017,4.853
Benin_2018,Benin,2018,5.820
Benin_2019,Benin,2019,4.976
Benin_2020,Benin,2020,4.408
Benin_2021,Benin,2021,4.493
Benin_2022,Benin,2022,4.217
Benin_2023,Benin,2023,4.420
Bhutan_2013,Bhutan,2013,5.569
Bhutan_2014,Bhutan,2014,4.939
Bhutan_2015,Bhutan,2015,5.082
Bolivia_2006,Bolivia,2006,5.374
Bolivia_2007,Bolivia,2007,5.628
Bolivia_2008,Bolivia,2008,5.298
Bolivia_2009,Bolivia,2009,6.086
Bolivia_2010,Bolivia,2010,5.781
Bolivia_2011,Bolivia,2011,5.779
Bolivia_2012,Bolivia,2012,6.019
Bolivia_2013,Bolivia,2013,5.767
Bolivia_2014,Bolivia,2014,5.865
Bolivia_2015,Bolivia,2015,5.834
Bolivia_2016,Bolivia,2016,5.770
Bolivia_2017,Bolivia,2017,5.651
Bolivia_2018,Bolivia,2018,5.916
Bolivia_2019,Bolivia,2019,5.674
Bolivia_2020,Bolivia,2020,5.559
Bolivia_2021,Bolivia,2021,5.569
Bolivia_2022,Bolivia,2022,5.929
Bolivia_2023,Bolivia,2023,5.860
Bosnia and Herzegovina_2007,Bosnia and Herzegovina,2007,4.900
Bosnia and Herzegovina_2009,Bosnia and Herzegovina,2009,4.963
Bosnia and Herzegovina_2010,Bosnia and Herzegovina,2010,4.669
Bosnia and Herzegovina_2011,Bosnia and Herzegovina,2011,4.995
Bosnia and Herzegovina_2012,Bosnia and Herzegovina,2012,4.773
Bosnia and Herzegovina_2013,Bosnia and Herzegovina,2013,5.124
Bosnia and Herzegovina_2014,Bosnia and Herzegovina,2014,5.249
Bosnia and Herzegovina_2015,Bosnia and Herzegovina,2015,5.117
Bosnia and Herzegovina_2016,Bosnia and Herzegovina,2016,5.181
Bosnia and Herzegovina_2017,Bosnia and Herzegovina,2017,5.090
Bosnia and Herzegovina_2018,Bosnia and Herzegovina,2018,5.887
Bosnia and Herzegovina_2019,Bosnia and Herzegovina,2019,6.016
Bosnia and Herzegovina_2020,Bosnia and Herzegovina,2020,5.516
Bosnia and Herzegovina_2021,Bosnia and Herzegovina,2021,5.749
Bosnia and Herzegovina_2022,Bosnia and Herzegovina,2022,5.872
Bosnia and Herzegovina_2023,Bosnia and Herzegovina,2023,6.009
Botswana_2006,Botswana,2006,4.739
Botswana_2008,Botswana,2008,5.451
Botswana_2010,Botswana,2010,3.553
Botswana_2011,Botswana,2011,3.520
Botswana_2012,Botswana,2012,4.836
Botswana_2013,Botswana,2013,4.128
Botswana_2014,Botswana,2014,4.031
Botswana_2015,Botswana,2015,3.762
Botswana_2016,Botswana,2016,3.499
Botswana_2017,Botswana,2017,3.505
Botswana_2018,Botswana,2018,3.461
Botswana_2019,Botswana,2019,3.471
Botswana_2022,Botswana,2022,3.435
Botswana_2023,Botswana,2023,3.332
Brazil_2005,Brazil,2005,6.637
Brazil_2007,Brazil,2007,6.321
Brazil_2008,Brazil,2008,6.691
Brazil_2009,Brazil,2009,7.001
Brazil_2010,Brazil,2010,6.837
Brazil_2011,Brazil,2011,7.038
Brazil_2012,Brazil,2012,6.660
Brazil_2013,Brazil,2013,7.140
Brazil_2014,Brazil,2014,6.981
Brazil_2015,Brazil,2015,6.547
Brazil_2016,Brazil,2016,6.375
Brazil_2017,Brazil,2017,6.333
Brazil_2018,Brazil,2018,6.191
Brazil_2019,Brazil,2019,6.451
Brazil_2020,Brazil,2020,6.110
Brazil_2021,Brazil,2021,6.010
Brazil_2022,Brazil,2022,6.257
Brazil_2023,Brazil,2023,6.553
Bulgaria_2007,Bulgaria,2007,3.844
Bulgaria_2010,Bulgaria,2010,3.912
Bulgaria_2011,Bulgaria,2011,3.875
Bulgaria_2012,Bulgaria,2012,4.222
Bulgaria_2013,Bulgaria,2013,3.993
Bulgaria_2014,Bulgaria,2014,4.438
Bulgaria_2015,Bulgaria,2015,4.865
Bulgaria_2016,Bulgaria,2016,4.838
Bulgaria_2017,Bulgaria,2017,5.097
Bulgaria_2018,Bulgaria,2018,5.099
Bulgaria_2019,Bulgaria,2019,5.108
Bulgaria_2020,Bulgaria,2020,5.598
Bulgaria_2021,Bulgaria,2021,5.422
Bulgaria_2022,Bulgaria,2022,5.378
Bulgaria_2023,Bulgaria,2023,5.590
Burkina Faso_2006,Burkina Faso,2006,3.801
Burkina Faso_2007,Burkina Faso,2007,4.017
Burkina Faso_2008,Burkina Faso,2008,3.846
Burkina Faso_2010,Burkina Faso,2010,4.036
Burkina Faso_2011,Burkina Faso,2011,4.785
Burkina Faso_2012,Burkina Faso,2012,3.955
Burkina Faso_2013,Burkina Faso,2013,3.326
Burkina Faso_2014,Burkina Faso,2014,3.481
Burkina Faso_2015,Burkina Faso,2015,4.419
Burkina Faso_2016,Burkina Faso,2016,4.206
Burkina Faso_2017,Burkina Faso,2017,4.647
Burkina Faso_2018,Burkina Faso,2018,4.927
Burkina Faso_2019,Burkina Faso,2019,4.741
Burkina Faso_2020,Burkina Faso,2020,4.640
Burkina Faso_2021,Burkina Faso,2021,4.636
Burkina Faso_2023,Burkina Faso,2023,4.462
Burundi_2008,Burundi,2008,3.563
Burundi_2009,Burundi,2009,3.792
Burundi_2011,Burundi,2011,3.706
Burundi_2014,Burundi,2014,2.905
Burundi_2018,Burundi,2018,3.775
Cambodia_2006,Cambodia,2006,3.569
Cambodia_2007,Cambodia,2007,4.156
Cambodia_2008,Cambodia,2008,4.462
Cambodia_2009,Cambodia,2009,4.111
Cambodia_2010,Cambodia,2010,4.141
Cambodia_2011,Cambodia,2011,4.161
Cambodia_2012,Cambodia,2012,3.899
Cambodia_2013,Cambodia,2013,3.674
Cambodia_2014,Cambodia,2014,3.883
Cambodia_2015,Cambodia,2015,4.162
Cambodia_2016,Cambodia,2016,4.461
Cambodia_2017,Cambodia,2017,4.586
Cambodia_2018,Cambodia,2018,5.122
Cambodia_2019,Cambodia,2019,4.998
Cambodia_2020,Cambodia,2020,4.377
Cambodia_2021,Cambodia,2021,4.555
Cambodia_2022,Cambodia,2022,4.250
Cambodia_2023,Cambodia,2023,4.221
Cameroon_2006,Cameroon,2006,3.851
Cameroon_2007,Cameroon,2007,4.350
Cameroon_2008,Cameroon,2008,4.292
Cameroon_2009,Cameroon,2009,4.741
Cameroon_2010,Cameroon,2010,4.554
Cameroon_2011,Cameroon,2011,4.434
Cameroon_2012,Cameroon,2012,4.245
Cameroon_2013,Cameroon,2013,4.271
Cameroon_2014,Cameroon,2014,4.240
Cameroon_2015,Cameroon,2015,5.038
Cameroon_2016,Cameroon,2016,4.816
Cameroon_2017,Cameroon,2017,5.074
Cameroon_2018,Cameroon,2018,5.251
Cameroon_2019,Cameroon,2019,4.937
Cameroon_2020,Cameroon,2020,5.241
Cameroon_2021,Cameroon,2021,4.963
Cameroon_2022,Cameroon,2022,4.712
Cameroon_2023,Cameroon,2023,4.946
Canada_2005,Canada,2005,7.418
Canada_2007,Canada,2007,7.482
Canada_2008,Canada,2008,7.486
Canada_2009,Canada,2009,7.488
Canada_2010,Canada,2010,7.650
Canada_2011,Canada,2011,7.426
Canada_2012,Canada,2012,7.415
Canada_2013,Canada,2013,7.594
Canada_2014,Canada,2014,7.304
Canada_2015,Canada,2015,7.413
Canada_2016,Canada,2016,7.245
Canada_2017,Canada,2017,7.415
Canada_2018,Canada,2018,7.175
Canada_2019,Canada,2019,7.109
Canada_2020,Canada,2020,7.025
Canada_2021,Canada,2021,6.939
Canada_2022,Canada,2022,6.918
Canada_2023,Canada,2023,6.841
Central African Republic_2007,Central African Republic,2007,4.160
Central African Republic_2010,Central African Republic,2010,3.568
Central African Republic_2011,Central African Republic,2011,3.678
Central African Republic_2016,Central African Republic,2016,2.693
Central African Republic_2017,Central African Republic,2017,3.476
Chad_2006,Chad,2006,3.435
Chad_2007,Chad,2007,4.141
Chad_2008,Chad,2008,4.632
Chad_2009,Chad,2009,3.639
Chad_2010,Chad,2010,3.743
Chad_2011,Chad,2011,4.393
Chad_2012,Chad,2012,4.033
Chad_2013,Chad,2013,3.508
Chad_2014,Chad,2014,3.460
Chad_2015,Chad,2015,4.323
Chad_2016,Chad,2016,4.029
Chad_2017,Chad,2017,4.559
Chad_2018,Chad,2018,4.486
Chad_2019,Chad,2019,4.251
Chad_2022,Chad,2022,4.397
Chad_2023,Chad,2023,4.544
Chile_2006,Chile,2006,6.063
Chile_2007,Chile,2007,5.698
Chile_2008,Chile,2008,5.789
Chile_2009,Chile,2009,6.494
Chile_2010,Chile,2010,6.636
Chile_2011,Chile,2011,6.526
Chile_2012,Chile,2012,6.599
Chile_2013,Chile,2013,6.740
Chile_2014,Chile,2014,6.844
Chile_2015,Chile,2015,6.533
Chile_2016,Chile,2016,6.579
Chile_2017,Chile,2017,6.320
Chile_2018,Chile,2018,6.436
Chile_2019,Chile,2019,5.942
Chile_2020,Chile,2020,6.151
Chile_2021,Chile,2021,6.436
Chile_2022,Chile,2022,6.415
Chile_2023,Chile,2023,6.230
China_2006,China,2006,4.560
China_2007,China,2007,4.863
China_2008,China,2008,4.846
China_2009,China,2009,4.454
China_2010,China,2010,4.653
China_2011,China,2011,5.037
China_2012,China,2012,5.095
China_2013,China,2013,5.241
China_2014,China,2014,5.196
China_2015,China,2015,5.304
China_2016,China,2016,5.325
China_2017,China,2017,5.099
China_2018,China,2018,5.131
China_2019,China,2019,5.144
China_2020,China,2020,5.771
China_2021,China,2021,5.863
China_2023,China,2023,6.145
Colombia_2006,Colombia,2006,6.025
Colombia_2007,Colombia,2007,6.138
Colombia_2008,Colombia,2008,6.168
Colombia_2009,Colombia,2009,6.272
Colombia_2010,Colombia,2010,6.408
Colombia_2011,Colombia,2011,6.464
Colombia_2012,Colombia,2012,6.375
Colombia_2013,Colombia,2013,6.607
Colombia_2014,Colombia,2014,6.449
Colombia_2015,Colombia,2015,6.388
Colombia_2016,Colombia,2016,6.234
Colombia_2017,Colombia,2017,6.157
Colombia_2018,Colombia,2018,5.984
Colombia_2019,Colombia,2019,6.350
Colombia_2020,Colombia,2020,5.709
Colombia_2021,Colombia,2021,5.290
Colombia_2022,Colombia,2022,5.892
Colombia_2023,Colombia,2023,5.904
Comoros_2009,Comoros,2009,3.476
Comoros_2010,Comoros,2010,3.812
Comoros_2011,Comoros,2011,3.838
Comoros_2012,Comoros,2012,3.956
Comoros_2018,Comoros,2018,3.973
Comoros_2019,Comoros,2019,4.609
Comoros_2022,Comoros,2022,3.545
Comoros_2023,Comoros,2023,3.588
Congo (Brazzaville)_2008,Congo (Brazzaville),2008,3.820
Congo (Brazzaville)_2011,Congo (Brazzaville),2011,4.510
Congo (Brazzaville)_2012,Congo (Brazzaville),2012,3.919
Congo (Brazzaville)_2013,Congo (Brazzaville),2013,3.955
Congo (Brazzaville)_2014,Congo (Brazzaville),2014,4.056
Congo (Brazzaville)_2015,Congo (Brazzaville),2015,4.691
Congo (Brazzaville)_2016,Congo (Brazzaville),2016,4.119
Congo (Brazzaville)_2017,Congo (Brazzaville),2017,4.884
Congo (Brazzaville)_2018,Congo (Brazzaville),2018,5.490
Congo (Brazzaville)_2019,Congo (Brazzaville),2019,5.213
Congo (Brazzaville)_2020,Congo (Brazzaville),2020,5.079
Congo (Brazzaville)_2021,Congo (Brazzaville),2021,4.921
Congo (Brazzaville)_2022,Congo (Brazzaville),2022,5.805
Congo (Brazzaville)_2023,Congo (Brazzaville),2023,4.954
Congo (Kinshasa)_2009,Congo (Kinshasa),2009,3.984
Congo (Kinshasa)_2011,Congo (Kinshasa),2011,4.517
Congo (Kinshasa)_2012,Congo (Kinshasa),2012,4.639
Congo (Kinshasa)_2013,Congo (Kinshasa),2013,4.497
Congo (Kinshasa)_2014,Congo (Kinshasa),2014,4.414
Congo (Kinshasa)_2015,Congo (Kinshasa),2015,3.903
Congo (Kinshasa)_2016,Congo (Kinshasa),2016,4.522
Congo (Kinshasa)_2017,Congo (Kinshasa),2017,4.311
Congo (Kinshasa)_2022,Congo (Kinshasa),2022,3.207
Congo (Kinshasa)_2023,Congo (Kinshasa),2023,3.383
Costa Rica_2006,Costa Rica,2006,7.082
Costa Rica_2007,Costa Rica,2007,7.432
Costa Rica_2008,Costa Rica,2008,6.851
Costa Rica_2009,Costa Rica,2009,7.615
Costa Rica_2010,Costa Rica,2010,7.271
Costa Rica_2011,Costa Rica,2011,7.229
Costa Rica_2012,Costa Rica,2012,7.272
Costa Rica_2013,Costa Rica,2013,7.158
Costa Rica_2014,Costa Rica,2014,7.247
Costa Rica_2015,Costa Rica,2015,6.854
Costa Rica_2016,Costa Rica,2016,7.136
Costa Rica_2017,Costa Rica,2017,7.225
Costa Rica_2018,Costa Rica,2018,7.141
Costa Rica_2019,Costa Rica,2019,6.998
Costa Rica_2020,Costa Rica,2020,6.338
Costa Rica_2021,Costa Rica,2021,6.408
Costa Rica_2022,Costa Rica,2022,7.077
Costa Rica_2023,Costa Rica,2023,7.384
Croatia_2007,Croatia,2007,5.821
Croatia_2009,Croatia,2009,5.433
Croatia_2010,Croatia,2010,5.596
Croatia_2011,Croatia,2011,5.385
Croatia_2012,Croatia,2012,6.028
Croatia_2013,Croatia,2013,5.885
Croatia_2014,Croatia,2014,5.381
Croatia_2015,Croatia,2015,5.205
Croatia_2016,Croatia,2016,5.417
Croatia_2017,Croatia,2017,5.343
Croatia_2018,Croatia,2018,5.536
Croatia_2019,Croatia,2019,5.626
Croatia_2020,Croatia,2020,6.508
Croatia_2021,Croatia,2021,6.287
Croatia_2022,Croatia,2022,5.579
Croatia_2023,Croatia,2023,5.958
Cuba_2006,Cuba,2006,5.418
Cyprus_2006,Cyprus,2006,6.238
Cyprus_2009,Cyprus,2009,6.833
Cyprus_2010,Cyprus,2010,6.387
Cyprus_2011,Cyprus,2011,6.690
Cyprus_2012,Cyprus,2012,6.181
Cyprus_2013,Cyprus,2013,5.439
Cyprus_2014,Cyprus,2014,5.627
Cyprus_2015,Cyprus,2015,5.439
Cyprus_2016,Cyprus,2016,5.795
Cyprus_2017,Cyprus,2017,6.062
Cyprus_2018,Cyprus,2018,6.276
Cyprus_2019,Cyprus,2019,6.137
Cyprus_2020,Cyprus,2020,6.260
Cyprus_2021,Cyprus,2021,6.269
Cyprus_2022,Cyprus,2022,5.865
Cyprus_2023,Cyprus,2023,6.071
Czechia_2005,Czechia,2005,6.439
Czechia_2007,Czechia,2007,6.500
Czechia_2010,Czechia,2010,6.250
Czechia_2011,Czechia,2011,6.331
Czechia_2012,Czechia,2012,6.334
Czechia_2013,Czechia,2013,6.698
Czechia_2014,Czechia,2014,6.484
Czechia_2015,Czechia,2015,6.608
Czechia_2016,Czechia,2016,6.736
Czechia_2017,Czechia,2017,6.790
Czechia_2018,Czechia,2018,7.034
Czechia_2020,Czechia,2020,6.897
Czechia_2021,Czechia,2021,6.942
Czechia_2022,Czechia,2022,6.695
Czechia_2023,Czechia,2023,6.827
Denmark_2005,Denmark,2005,8.019
Denmark_2007,Denmark,2007,7.834
Denmark_2008,Denmark,2008,7.971
Denmark_2009,Denmark,2009,7.683
Denmark_2010,Denmark,2010,7.771
Denmark_2011,Denmark,2011,7.788
Denmark_2012,Denmark,2012,7.520
Denmark_2013,Denmark,2013,7.589
Denmark_2014,Denmark,2014,7.508
Denmark_2015,Denmark,2015,7.514
Denmark_2016,Denmark,2016,7.558
Denmark_2017,Denmark,2017,7.594
Denmark_2018,Denmark,2018,7.649
Denmark_2019,Denmark,2019,7.693
Denmark_2020,Denmark,2020,7.515
Denmark_2021,Denmark,2021,7.699
Denmark_2022,Denmark,2022,7.545
Denmark_2023,Denmark,2023,7.504
Djibouti_2008,Djibouti,2008,5.009
Djibouti_2009,Djibouti,2009,4.906
Djibouti_2010,Djibouti,2010,5.006
Djibouti_2011,Djibouti,2011,4.369
Dominican Republic_2006,Dominican Republic,2006,5.088
Dominican Republic_2007,Dominican Republic,2007,5.081
Dominican Republic_2008,Dominican Republic,2008,4.842
Dominican Republic_2009,Dominican Republic,2009,5.432
Dominican Republic_2010,Dominican Republic,2010,4.735
Dominican Republic_2011,Dominican Republic,2011,5.397
Dominican Republic_2012,Dominican Republic,2012,4.753
Dominican Republic_2013,Dominican Republic,2013,5.016
Dominican Republic_2014,Dominican Republic,2014,5.387
Dominican Republic_2015,Dominican Republic,2015,5.062
Dominican Republic_2016,Dominican Republic,2016,5.239
Dominican Republic_2017,Dominican Republic,2017,5.605
Dominican Republic_2018,Dominican Republic,2018,5.433
Dominican Republic_2019,Dominican Republic,2019,6.004
Dominican Republic_2020,Dominican Republic,2020,5.168
Dominican Republic_2021,Dominican Republic,2021,6.031
Dominican Republic_2022,Dominican Republic,2022,5.518
Dominican Republic_2023,Dominican Republic,2023,5.921
Ecuador_2006,Ecuador,2006,5.024
Ecuador_2007,Ecuador,2007,4.996
Ecuador_2008,Ecuador,2008,5.297
Ecuador_2009,Ecuador,2009,6.022
Ecuador_2010,Ecuador,2010,5.838
Ecuador_2011,Ecuador,2011,5.795
Ecuador_2012,Ecuador,2012,5.961
Ecuador_2013,Ecuador,2013,6.019
Ecuador_2014,Ecuador,2014,5.946
Ecuador_2015,Ecuador,2015,5.964
Ecuador_2016,Ecuador,2016,6.115
Ecuador_2017,Ecuador,2017,5.840
Ecuador_2018,Ecuador,2018,6.128
Ecuador_2019,Ecuador,2019,5.809
Ecuador_2020,Ecuador,2020,5.354
Ecuador_2021,Ecuador,2021,5.435
Ecuador_2022,Ecuador,2022,5.887
Ecuador_2023,Ecuador,2023,5.852
Egypt_2005,Egypt,2005,5.168
Egypt_2007,Egypt,2007,5.541
Egypt_2008,Egypt,2008,4.632
Egypt_2009,Egypt,2009,5.066
Egypt_2010,Egypt,2010,4.669
Egypt_2011,Egypt,2011,4.174
Egypt_2012,Egypt,2012,4.204
Egypt_2013,Egypt,2013,3.559
Egypt_2014,Egypt,2014,4.885
Egypt_2015,Egypt,2015,4.763
Egypt_2016,Egypt,2016,4.557
Egypt_2017,Egypt,2017,3.929
Egypt_2018,Egypt,2018,4.005
Egypt_2019,Egypt,2019,4.328
Egypt_2020,Egypt,2020,4.472
Egypt_2021,Egypt,2021,4.026
Egypt_2022,Egypt,2022,4.024
Egypt_2023,Egypt,2023,3.881
El Salvador_2006,El Salvador,2006,5.701
El Salvador_2007,El Salvador,2007,5.296
El Salvador_2008,El Salvador,2008,5.191
El Salvador_2009,El Salvador,2009,6.839
El Salvador_2010,El Salvador,2010,6.740
El Salvador_2011,El Salvador,2011,4.741
El Salvador_2012,El Salvador,2012,5.934
El Salvador_2013,El Salvador,2013,6.325
El Salvador_2014,El Salvador,2014,5.857
El Salvador_2015,El Salvador,2015,6.018
El Salvador_2016,El Salvador,2016,6.140
El Salvador_2017,El Salvador,2017,6.339
El Salvador_2018,El Salvador,2018,6.241
El Salvador_2019,El Salvador,2019,6.455
El Salvador_2020,El Salvador,2020,5.462
El Salvador_2021,El Salvador,2021,6.431
El Salvador_2022,El Salvador,2022,6.492
El Salvador_2023,El Salvador,2023,6.482
Estonia_2006,Estonia,2006,5.371
Estonia_2007,Estonia,2007,5.332
Estonia_2008,Estonia,2008,5.452
Estonia_2009,Estonia,2009,5.138
Estonia_2011,Estonia,2011,5.487
Estonia_2012,Estonia,2012,5.364
Estonia_2013,Estonia,2013,5.367
Estonia_2014,Estonia,2014,5.556
Estonia_2015,Estonia,2015,5.629
Estonia_2016,Estonia,2016,5.650
Estonia_2017,Estonia,2017,5.938
Estonia_2018,Estonia,2018,6.091
Estonia_2019,Estonia,2019,6.035
Estonia_2020,Estonia,2020,6.453
Estonia_2021,Estonia,2021,6.554
Estonia_2022,Estonia,2022,6.357
Estonia_2023,Estonia,2023,6.430
Eswatini_2011,Eswatini,2011,4.867
Eswatini_2018,Eswatini,2018,4.212
Eswatini_2019,Eswatini,2019,4.396
Eswatini_2022,Eswatini,2022,3.502
Ethiopia_2012,Ethiopia,2012,4.561
Ethiopia_2013,Ethiopia,2013,4.445
Ethiopia_2014,Ethiopia,2014,4.507
Ethiopia_2015,Ethiopia,2015,4.573
Ethiopia_2016,Ethiopia,2016,4.298
Ethiopia_2017,Ethiopia,2017,4.180
Ethiopia_2018,Ethiopia,2018,4.379
Ethiopia_2019,Ethiopia,2019,4.100
Ethiopia_2020,Ethiopia,2020,4.549
Ethiopia_2022,Ethiopia,2022,3.628
Ethiopia_2023,Ethiopia,2023,4.093
Finland_2006,Finland,2006,7.672
Finland_2008,Finland,2008,7.671
Finland_2010,Finland,2010,7.393
Finland_2011,Finland,2011,7.354
Finland_2012,Finland,2012,7.420
Finland_2013,Finland,2013,7.445
Finland_2014,Finland,2014,7.385
Finland_2015,Finland,2015,7.448
Finland_2016,Finland,2016,7.660
Finland_2017,Finland,2017,7.788
Finland_2018,Finland,2018,7.858
Finland_2019,Finland,2019,7.780
Finland_2020,Finland,2020,7.889
Finland_2021,Finland,2021,7.794
Finland_2022,Finland,2022,7.729
Finland_2023,Finland,2023,7.699
France_2005,France,2005,7.093
France_2006,France,2006,6.583
France_2008,France,2008,7.008
France_2009,France,2009,6.283
France_2010,France,2010,6.798
France_2011,France,2011,6.959
France_2012,France,2012,6.649
France_2013,France,2013,6.667
France_2014,France,2014,6.467
France_2015,France,2015,6.358
France_2016,France,2016,6.475
France_2017,France,2017,6.635
France_2018,France,2018,6.666
France_2019,France,2019,6.690
France_2020,France,2020,6.714
France_2021,France,2021,6.656
France_2022,France,2022,6.614
France_2023,France,2023,6.557
Gabon_2011,Gabon,2011,4.255
Gabon_2012,Gabon,2012,3.972
Gabon_2013,Gabon,2013,3.800
Gabon_2014,Gabon,2014,3.918
Gabon_2015,Gabon,2015,4.661
Gabon_2016,Gabon,2016,4.832
Gabon_2017,Gabon,2017,4.782
Gabon_2018,Gabon,2018,4.783
Gabon_2019,Gabon,2019,4.914
Gabon_2020,Gabon,2020,4.887
Gabon_2021,Gabon,2021,5.075
Gabon_2022,Gabon,2022,5.140
Gabon_2023,Gabon,2023,5.104
Gambia_2017,Gambia,2017,4.118
Gambia_2018,Gambia,2018,4.922
Gambia_2019,Gambia,2019,5.164
Gambia_2022,Gambia,2022,4.279
Gambia_2023,Gambia,2023,4.691
Georgia_2006,Georgia,2006,3.675
Georgia_2007,Georgia,2007,3.707
Georgia_2008,Georgia,2008,4.156
Georgia_2009,Georgia,2009,3.801
Georgia_2010,Georgia,2010,4.102
Georgia_2011,Georgia,2011,4.203
Georgia_2012,Georgia,2012,4.254
Georgia_2013,Georgia,2013,4.349
Georgia_2014,Georgia,2014,4.288
Georgia_2015,Georgia,2015,4.122
Georgia_2016,Georgia,2016,4.448
Georgia_2017,Georgia,2017,4.451
Georgia_2018,Georgia,2018,4.659
Georgia_2019,Georgia,2019,4.892
Georgia_2020,Georgia,2020,5.123
Georgia_2021,Georgia,2021,4.911
Georgia_2022,Georgia,2022,5.293
Georgia_2023,Georgia,2023,5.351
Germany_2005,Germany,2005,6.620
Germany_2007,Germany,2007,6.417
Germany_2008,Germany,2008,6.522
Germany_2009,Germany,2009,6.641
Germany_2010,Germany,2010,6.725
Germany_2011,Germany,2011,6.621
Germany_2012,Germany,2012,6.702
Germany_2013,Germany,2013,6.965
Germany_2014,Germany,2014,6.984
Germany_2015,Germany,2015,7.037
Germany_2016,Germany,2016,6.874
Germany_2017,Germany,2017,7.074
Germany_2018,Germany,2018,7.118
Germany_2019,Germany,2019,7.035
Germany_2020,Germany,2020,7.312
Germany_2021,Germany,2021,6.755
Germany_2022,Germany,2022,6.608
Germany_2023,Germany,2023,6.792
Ghana_2006,Ghana,2006,4.535
Ghana_2007,Ghana,2007,5.220
Ghana_2008,Ghana,2008,4.965
Ghana_2009,Ghana,2009,4.198
Ghana_2010,Ghana,2010,4.606
Ghana_2011,Ghana,2011,5.608
Ghana_2012,Ghana,2012,5.057
Ghana_2013,Ghana,2013,4.965
Ghana_2014,Ghana,2014,3.860
Ghana_2015,Ghana,2015,3.986
Ghana_2016,Ghana,2016,4.514
Ghana_2017,Ghana,2017,5.481
Ghana_2018,Ghana,2018,5.004
Ghana_2019,Ghana,2019,4.967
Ghana_2020,Ghana,2020,5.319
Ghana_2021,Ghana,2021,4.378
Ghana_2022,Ghana,2022,4.191
Ghana_2023,Ghana,2023,4.298
Greece_2005,Greece,2005,6.006
Greece_2007,Greece,2007,6.647
Greece_2009,Greece,2009,6.039
Greece_2010,Greece,2010,5.840
Greece_2011,Greece,2011,5.372
Greece_2012,Greece,2012,5.096
Greece_2013,Greece,2013,4.720
Greece_2014,Greece,2014,4.756
Greece_2015,Greece,2015,5.623
Greece_2016,Greece,2016,5.303
Greece_2017,Greece,2017,5.148
Greece_2018,Greece,2018,5.409
Greece_2019,Greece,2019,5.952
Greece_2020,Greece,2020,5.788
Greece_2021,Greece,2021,6.104
Greece_2022,Greece,2022,5.900
Greece_2023,Greece,2023,5.796
Guatemala_2006,Guatemala,2006,5.901
Guatemala_2007,Guatemala,2007,6.330
Guatemala_2008,Guatemala,2008,6.414
Guatemala_2009,Guatemala,2009,6.452
Guatemala_2010,Guatemala,2010,6.290
Guatemala_2011,Guatemala,2011,5.743
Guatemala_2012,Guatemala,2012,5.856
Guatemala_2013,Guatemala,2013,5.985
Guatemala_2014,Guatemala,2014,6.536
Guatemala_2015,Guatemala,2015,6.465
Guatemala_2016,Guatemala,2016,6.359
Guatemala_2017,Guatemala,2017,6.325
Guatemala_2018,Guatemala,2018,6.627
Guatemala_2019,Guatemala,2019,6.262
Guatemala_2022,Guatemala,2022,6.150
Guatemala_2023,Guatemala,2023,6.421
Guinea_2011,Guinea,2011,4.045
Guinea_2012,Guinea,2012,3.652
Guinea_2013,Guinea,2013,3.902
Guinea_2014,Guinea,2014,3.412
Guinea_2015,Guinea,2015,3.505
Guinea_2016,Guinea,2016,3.603
Guinea_2017,Guinea,2017,4.874
Guinea_2018,Guinea,2018,5.252
Guinea_2019,Guinea,2019,4.768
Guinea_2020,Guinea,2020,4.972
Guinea_2021,Guinea,2021,4.945
Guinea_2022,Guinea,2022,5.317
Guinea_2023,Guinea,2023,4.827
Guyana_2007,Guyana,2007,5.993
Haiti_2006,Haiti,2006,3.754
Haiti_2008,Haiti,2008,3.846
Haiti_2010,Haiti,2010,3.766
Haiti_2011,Haiti,2011,4.845
Haiti_2012,Haiti,2012,4.413
Haiti_2013,Haiti,2013,4.622
Haiti_2014,Haiti,2014,3.889
Haiti_2015,Haiti,2015,3.570
Haiti_2016,Haiti,2016,3.352
Haiti_2017,Haiti,2017,3.824
Haiti_2018,Haiti,2018,3.615
Honduras_2006,Honduras,2006,5.397
Honduras_2007,Honduras,2007,5.097
Honduras_2008,Honduras,2008,5.420
Honduras_2009,Honduras,2009,6.033
Honduras_2010,Honduras,2010,5.866
Honduras_2011,Honduras,2011,4.961
Honduras_2012,Honduras,2012,4.602
Honduras_2013,Honduras,2013,4.713
Honduras_2014,Honduras,2014,5.056
Honduras_2015,Honduras,2015,4.845
Honduras_2016,Honduras,2016,5.648
Honduras_2017,Honduras,2017,6.020
Honduras_2018,Honduras,2018,5.908
Honduras_2019,Honduras,2019,5.930
Honduras_2021,Honduras,2021,6.114
Honduras_2022,Honduras,2022,5.932
Honduras_2023,Honduras,2023,5.861
Hong Kong S.A.R. of China_2006,Hong Kong S.A.R. of China,2006,5.511
Hong Kong S.A.R. of China_2008,Hong Kong S.A.R. of China,2008,5.137
Hong Kong S.A.R. of China_2009,Hong Kong S.A.R. of China,2009,5.397
Hong Kong S.A.R. of China_2010,Hong Kong S.A.R. of China,2010,5.643
Hong Kong S.A.R. of China_2011,Hong Kong S.A.R. of China,2011,5.474
Hong Kong S.A.R. of China_2012,Hong Kong S.A.R. of China,2012,5.484
Hong Kong S.A.R. of China_2014,Hong Kong S.A.R. of China,2014,5.458
Hong Kong S.A.R. of China_2016,Hong Kong S.A.R. of China,2016,5.498
Hong Kong S.A.R. of China_2017,Hong Kong S.A.R. of China,2017,5.362
Hong Kong S.A.R. of China_2019,Hong Kong S.A.R. of China,2019,5.659
Hong Kong S.A.R. of China_2020,Hong Kong S.A.R. of China,2020,5.295
Hong Kong S.A.R. of China_2021,Hong Kong S.A.R. of China,2021,5.322
Hong Kong S.A.R. of China_2022,Hong Kong S.A.R. of China,2022,5.311
Hungary_2005,Hungary,2005,5.194
Hungary_2007,Hungary,2007,4.954
Hungary_2009,Hungary,2009,4.895
Hungary_2010,Hungary,2010,4.725
Hungary_2011,Hungary,2011,4.918
Hungary_2012,Hungary,2012,4.683
Hungary_2013,Hungary,2013,4.914
Hungary_2014,Hungary,2014,5.181
Hungary_2015,Hungary,2015,5.344
Hungary_2016,Hungary,2016,5.449
Hungary_2017,Hungary,2017,6.065
Hungary_2018,Hungary,2018,5.936
Hungary_2019,Hungary,2019,6.000
Hungary_2020,Hungary,2020,6.038
Hungary_2021,Hungary,2021,6.227
Hungary_2022,Hungary,2022,5.861
Hungary_2023,Hungary,2023,5.965
Iceland_2008,Iceland,2008,6.888
Iceland_2012,Iceland,2012,7.591
Iceland_2013,Iceland,2013,7.501
Iceland_2015,Iceland,2015,7.498
Iceland_2016,Iceland,2016,7.510
Iceland_2017,Iceland,2017,7.476
Iceland_2019,Iceland,2019,7.533
Iceland_2020,Iceland,2020,7.575
Iceland_2021,Iceland,2021,7.565
Iceland_2022,Iceland,2022,7.449
Iceland_2023,Iceland,2023,7.562
India_2006,India,2006,5.348
India_2007,India,2007,5.027
India_2008,India,2008,5.146
India_2009,India,2009,4.522
India_2010,India,2010,4.989
India_2011,India,2011,4.635
India_2012,India,2012,4.720
India_2013,India,2013,4.428
India_2014,India,2014,4.424
India_2015,India,2015,4.342
India_2016,India,2016,4.179
India_2017,India,2017,4.046
India_2018,India,2018,3.818
India_2019,India,2019,3.249
India_2020,India,2020,4.224
India_2021,India,2021,3.558
India_2022,India,2022,3.930
India_2023,India,2023,4.676
Indonesia_2006,Indonesia,2006,4.947
Indonesia_2007,Indonesia,2007,5.101
Indonesia_2008,Indonesia,2008,4.815
Indonesia_2009,Indonesia,2009,5.472
Indonesia_2010,Indonesia,2010,5.457
Indonesia_2011,Indonesia,2011,5.173
Indonesia_2012,Indonesia,2012,5.368
Indonesia_2013,Indonesia,2013,5.292
Indonesia_2014,Indonesia,2014,5.597
Indonesia_2015,Indonesia,2015,5.043
Indonesia_2016,Indonesia,2016,5.136
Indonesia_2017,Indonesia,2017,5.098
Indonesia_2018,Indonesia,2018,5.340
Indonesia_2019,Indonesia,2019,5.347
Indonesia_2020,Indonesia,2020,4.828
Indonesia_2021,Indonesia,2021,5.433
Indonesia_2022,Indonesia,2022,5.585
Indonesia_2023,Indonesia,2023,5.695
Iran_2005,Iran,2005,5.308
Iran_2007,Iran,2007,5.336
Iran_2008,Iran,2008,5.129
Iran_2011,Iran,2011,4.768
Iran_2012,Iran,2012,4.609
Iran_2013,Iran,2013,5.140
Iran_2014,Iran,2014,4.682
Iran_2015,Iran,2015,4.750
Iran_2016,Iran,2016,4.653
Iran_2017,Iran,2017,4.717
Iran_2018,Iran,2018,4.278
Iran_2019,Iran,2019,5.006
Iran_2020,Iran,2020,4.865
Iran_2021,Iran,2021,4.788
Iran_2022,Iran,2022,4.977
Iran_2023,Iran,2023,5.004
Iraq_2008,Iraq,2008,4.590
Iraq_2009,Iraq,2009,4.775
Iraq_2010,Iraq,2010,5.065
Iraq_2011,Iraq,2011,4.725
Iraq_2012,Iraq,2012,4.660
Iraq_2013,Iraq,2013,4.725
Iraq_2014,Iraq,2014,4.542
Iraq_2015,Iraq,2015,4.493
Iraq_2016,Iraq,2016,4.413
Iraq_2017,Iraq,2017,4.462
Iraq_2018,Iraq,2018,4.886
Iraq_2020,Iraq,2020,4.785
Iraq_2021,Iraq,2021,5.094
Iraq_2022,Iraq,2022,4.928
Iraq_2023,Iraq,2023,5.475
Ireland_2006,Ireland,2006,7.144
Ireland_2008,Ireland,2008,7.568
Ireland_2009,Ireland,2009,7.046
Ireland_2010,Ireland,2010,7.257
Ireland_2011,Ireland,2011,7.007
Ireland_2012,Ireland,2012,6.965
Ireland_2013,Ireland,2013,6.760
Ireland_2014,Ireland,2014,7.018
Ireland_2015,Ireland,2015,6.830
Ireland_2016,Ireland,2016,7.041
Ireland_2017,Ireland,2017,7.060
Ireland_2018,Ireland,2018,6.962
Ireland_2019,Ireland,2019,7.255
Ireland_2020,Ireland,2020,7.035
Ireland_2021,Ireland,2021,6.828
Ireland_2022,Ireland,2022,6.870
Ireland_2023,Ireland,2023,6.817
Israel_2006,Israel,2006,7.173
Israel_2007,Israel,2007,6.841
Israel_2008,Israel,2008,7.261
Israel_2009,Israel,2009,7.353
Israel_2010,Israel,2010,7.359
Israel_2011,Israel,2011,7.433
Israel_2012,Israel,2012,7.111
Israel_2013,Israel,2013,7.321
Israel_2014,Israel,2014,7.401
Israel_2015,Israel,2015,7.079
Israel_2016,Israel,2016,7.159
Israel_2017,Israel,2017,7.331
Israel_2018,Israel,2018,6.927
Israel_2019,Israel,2019,7.332
Israel_2020,Israel,2020,7.195
Israel_2021,Israel,2021,7.578
Israel_2022,Israel,2022,7.662
Israel_2023,Israel,2023,6.783
Italy_2005,Italy,2005,6.854
Italy_2007,Italy,2007,6.574
Italy_2008,Italy,2008,6.780
Italy_2009,Italy,2009,6.334
Italy_2010,Italy,2010,6.354
Italy_2011,Italy,2011,6.057
Italy_2012,Italy,2012,5.839
Italy_2013,Italy,2013,6.009
Italy_2014,Italy,2014,6.027
Italy_2015,Italy,2015,5.848
Italy_2016,Italy,2016,5.955
Italy_2017,Italy,2017,6.199
Italy_2018,Italy,2018,6.517
Italy_2019,Italy,2019,6.445
Italy_2020,Italy,2020,6.488
Italy_2021,Italy,2021,6.467
Italy_2022,Italy,2022,6.258
Italy_2023,Italy,2023,6.245
Ivory Coast_2009,Ivory Coast,2009,4.197
Ivory Coast_2013,Ivory Coast,2013,3.739
Ivory Coast_2014,Ivory Coast,2014,3.570
Ivory Coast_2015,Ivory Coast,2015,4.445
Ivory Coast_2016,Ivory Coast,2016,4.543
Ivory Coast_2017,Ivory Coast,2017,5.038
Ivory Coast_2018,Ivory Coast,2018,5.268
Ivory Coast_2019,Ivory Coast,2019,5.392
Ivory Coast_2020,Ivory Coast,2020,5.257
Ivory Coast_2021,Ivory Coast,2021,5.056
Ivory Coast_2022,Ivory Coast,2022,4.849
Ivory Coast_2023,Ivory Coast,2023,5.337
Jamaica_2006,Jamaica,2006,6.208
Jamaica_2011,Jamaica,2011,5.374
Jamaica_2013,Jamaica,2013,5.709
Jamaica_2014,Jamaica,2014,5.311
Jamaica_2017,Jamaica,2017,5.890
Jamaica_2019,Jamaica,2019,6.309
Jamaica_2020,Jamaica,2020,5.425
Jamaica_2021,Jamaica,2021,5.814
Jamaica_2022,Jamaica,2022,5.870
Japan_2005,Japan,2005,6.516
Japan_2007,Japan,2007,6.238
Japan_2008,Japan,2008,5.911
Japan_2009,Japan,2009,5.845
Japan_2010,Japan,2010,6.057
Japan_2011,Japan,2011,6.263
Japan_2012,Japan,2012,5.968
Japan_2013,Japan,2013,5.959
Japan_2014,Japan,2014,5.923
Japan_2015,Japan,2015,5.880
Japan_2016,Japan,2016,5.955
Japan_2017,Japan,2017,5.911
Japan_2018,Japan,2018,5.794
Japan_2019,Japan,2019,5.908
Japan_2020,Japan,2020,6.118
Japan_2021,Japan,2021,6.091
Japan_2022,Japan,2022,6.178
Japan_2023,Japan,2023,5.910
Jordan_2005,Jordan,2005,6.295
Jordan_2007,Jordan,2007,5.598
Jordan_2008,Jordan,2008,4.930
Jordan_2009,Jordan,2009,6.000
Jordan_2010,Jordan,2010,5.570
Jordan_2011,Jordan,2011,5.539
Jordan_2012,Jordan,2012,5.132
Jordan_2013,Jordan,2013,5.172
Jordan_2014,Jordan,2014,5.333
Jordan_2015,Jordan,2015,5.405
Jordan_2016,Jordan,2016,5.271
Jordan_2017,Jordan,2017,4.808
Jordan_2018,Jordan,2018,4.639
Jordan_2019,Jordan,2019,4.453
Jordan_2020,Jordan,2020,4.094
Jordan_2021,Jordan,2021,3.909
Jordan_2022,Jordan,2022,4.356
Jordan_2023,Jordan,2023,4.292
Kazakhstan_2006,Kazakhstan,2006,5.476
Kazakhstan_2007,Kazakhstan,2007,5.719
Kazakhstan_2008,Kazakhstan,2008,5.886
Kazakhstan_2009,Kazakhstan,2009,5.383
Kazakhstan_2010,Kazakhstan,2010,5.514
Kazakhstan_2011,Kazakhstan,2011,5.736
Kazakhstan_2012,Kazakhstan,2012,5.759
Kazakhstan_2013,Kazakhstan,2013,5.835
Kazakhstan_2014,Kazakhstan,2014,5.970
Kazakhstan_2015,Kazakhstan,2015,5.950
Kazakhstan_2016,Kazakhstan,2016,5.534
Kazakhstan_2017,Kazakhstan,2017,5.882
Kazakhstan_2018,Kazakhstan,2018,6.008
Kazakhstan_2019,Kazakhstan,2019,6.272
Kazakhstan_2020,Kazakhstan,2020,6.168
Kazakhstan_2021,Kazakhstan,2021,6.260
Kazakhstan_2022,Kazakhstan,2022,6.006
Kazakhstan_2023,Kazakhstan,2023,6.299
Kenya_2006,Kenya,2006,4.223
Kenya_2007,Kenya,2007,4.576
Kenya_2008,Kenya,2008,4.015
Kenya_2009,Kenya,2009,4.270
Kenya_2010,Kenya,2010,4.256
Kenya_2011,Kenya,2011,4.405
Kenya_2012,Kenya,2012,4.547
Kenya_2013,Kenya,2013,3.795
Kenya_2014,Kenya,2014,4.905
Kenya_2015,Kenya,2015,4.358
Kenya_2016,Kenya,2016,4.396
Kenya_2017,Kenya,2017,4.476
Kenya_2018,Kenya,2018,4.656
Kenya_2019,Kenya,2019,4.619
Kenya_2020,Kenya,2020,4.547
Kenya_2021,Kenya,2021,4.465
Kenya_2022,Kenya,2022,4.448
Kenya_2023,Kenya,2023,4.496
Kosovo_2007,Kosovo,2007,5.104
Kosovo_2008,Kosovo,2008,5.522
Kosovo_2009,Kosovo,2009,5.891
Kosovo_2010,Kosovo,2010,5.177
Kosovo_2011,Kosovo,2011,4.860
Kosovo_2012,Kosovo,2012,5.640
Kosovo_2013,Kosovo,2013,6.126
Kosovo_2014,Kosovo,2014,5.000
Kosovo_2015,Kosovo,2015,5.077
Kosovo_2016,Kosovo,2016,5.759
Kosovo_2017,Kosovo,2017,6.149
Kosovo_2018,Kosovo,2018,6.392
Kosovo_2019,Kosovo,2019,6.425
Kosovo_2020,Kosovo,2020,6.294
Kosovo_2021,Kosovo,2021,6.648
Kosovo_2022,Kosovo,2022,6.160
Kosovo_2023,Kosovo,2023,6.878
Kuwait_2006,Kuwait,2006,6.076
Kuwait_2009,Kuwait,2009,6.585
Kuwait_2010,Kuwait,2010,6.798
Kuwait_2011,Kuwait,2011,6.378
Kuwait_2012,Kuwait,2012,6.221
Kuwait_2013,Kuwait,2013,6.480
Kuwait_2014,Kuwait,2014,6.180
Kuwait_2015,Kuwait,2015,6.146
Kuwait_2016,Kuwait,2016,5.947
Kuwait_2017,Kuwait,2017,6.094
Kuwait_2019,Kuwait,2019,6.106
Kuwait_2022,Kuwait,2022,6.758
Kuwait_2023,Kuwait,2023,7.130
Kyrgyzstan_2006,Kyrgyzstan,2006,4.641
Kyrgyzstan_2007,Kyrgyzstan,2007,4.698
Kyrgyzstan_2008,Kyrgyzstan,2008,4.737
Kyrgyzstan_2009,Kyrgyzstan,2009,5.069
Kyrgyzstan_2010,Kyrgyzstan,2010,4.996
Kyrgyzstan_2011,Kyrgyzstan,2011,4.921
Kyrgyzstan_2012,Kyrgyzstan,2012,5.208
Kyrgyzstan_2013,Kyrgyzstan,2013,5.402
Kyrgyzstan_2014,Kyrgyzstan,2014,5.252
Kyrgyzstan_2015,Kyrgyzstan,2015,4.905
Kyrgyzstan_2016,Kyrgyzstan,2016,4.857
Kyrgyzstan_2017,Kyrgyzstan,2017,5.630
Kyrgyzstan_2018,Kyrgyzstan,2018,5.297
Kyrgyzstan_2019,Kyrgyzstan,2019,5.685
Kyrgyzstan_2020,Kyrgyzstan,2020,6.250
Kyrgyzstan_2021,Kyrgyzstan,2021,5.564
Kyrgyzstan_2022,Kyrgyzstan,2022,5.668
Kyrgyzstan_2023,Kyrgyzstan,2023,5.910
Laos_2006,Laos,2006,5.076
Laos_2007,Laos,2007,5.364
Laos_2008,Laos,2008,5.044
Laos_2011,Laos,2011,4.704
Laos_2012,Laos,2012,4.876
Laos_2017,Laos,2017,4.623
Laos_2018,Laos,2018,4.859
Laos_2019,Laos,2019,5.197
Laos_2020,Laos,2020,5.284
Laos_2021,Laos,2021,4.927
Laos_2022,Laos,2022,4.962
Laos_2023,Laos,2023,5.486
Latvia_2006,Latvia,2006,4.710
Latvia_2007,Latvia,2007,4.667
Latvia_2008,Latvia,2008,5.145
Latvia_2009,Latvia,2009,4.669
Latvia_2011,Latvia,2011,4.967
Latvia_2012,Latvia,2012,5.125
Latvia_2013,Latvia,2013,5.070
Latvia_2014,Latvia,2014,5.729
Latvia_2015,Latvia,2015,5.881
Latvia_2016,Latvia,2016,5.940
Latvia_2017,Latvia,2017,5.978
Latvia_2018,Latvia,2018,5.901
Latvia_2019,Latvia,2019,5.970
Latvia_2020,Latvia,2020,6.229
Latvia_2021,Latvia,2021,6.353
Latvia_2022,Latvia,2022,6.055
Latvia_2023,Latvia,2023,6.296
Lebanon_2005,Lebanon,2005,5.491
Lebanon_2006,Lebanon,2006,4.653
Lebanon_2008,Lebanon,2008,4.595
Lebanon_2009,Lebanon,2009,5.206
Lebanon_2010,Lebanon,2010,5.032
Lebanon_2011,Lebanon,2011,5.188
Lebanon_2012,Lebanon,2012,4.573
Lebanon_2013,Lebanon,2013,4.983
Lebanon_2014,Lebanon,2014,5.233
Lebanon_2015,Lebanon,2015,5.172
Lebanon_2016,Lebanon,2016,5.271
Lebanon_2017,Lebanon,2017,5.154
Lebanon_2018,Lebanon,2018,5.167
Lebanon_2019,Lebanon,2019,4.024
Lebanon_2020,Lebanon,2020,2.634
Lebanon_2021,Lebanon,2021,2.179
Lebanon_2022,Lebanon,2022,2.352
Lebanon_2023,Lebanon,2023,3.588
Lesotho_2011,Lesotho,2011,4.898
Lesotho_2016,Lesotho,2016,3.808
Lesotho_2017,Lesotho,2017,3.795
Lesotho_2019,Lesotho,2019,3.512
Lesotho_2022,Lesotho,2022,3.186
Liberia_2007,Liberia,2007,3.701
Liberia_2008,Liberia,2008,4.221
Liberia_2010,Liberia,2010,4.196
Liberia_2014,Liberia,2014,4.571
Liberia_2015,Liberia,2015,2.702
Liberia_2016,Liberia,2016,3.355
Liberia_2017,Liberia,2017,4.424
Liberia_2018,Liberia,2018,4.135
Liberia_2019,Liberia,2019,5.121
Liberia_2022,Liberia,2022,4.042
Liberia_2023,Liberia,2023,4.494
Libya_2012,Libya,2012,5.754
Libya_2015,Libya,2015,5.615
Libya_2016,Libya,2016,5.434
Libya_2017,Libya,2017,5.647
Libya_2018,Libya,2018,5.494
Libya_2019,Libya,2019,5.330
Libya_2022,Libya,2022,5.760
Libya_2023,Libya,2023,5.970
Lithuania_2006,Lithuania,2006,5.954
Lithuania_2007,Lithuania,2007,5.808
Lithuania_2008,Lithuania,2008,5.554
Lithuania_2009,Lithuania,2009,5.467
Lithuania_2010,Lithuania,2010,5.066
Lithuania_2011,Lithuania,2011,5.432
Lithuania_2012,Lithuania,2012,5.771
Lithuania_2013,Lithuania,2013,5.596
Lithuania_2014,Lithuania,2014,6.126
Lithuania_2015,Lithuania,2015,5.711
Lithuania_2016,Lithuania,2016,5.866
Lithuania_2017,Lithuania,2017,6.273
Lithuania_2018,Lithuania,2018,6.309
Lithuania_2019,Lithuania,2019,6.064
Lithuania_2020,Lithuania,2020,6.391
Lithuania_2021,Lithuania,2021,6.865
Lithuania_2022,Lithuania,2022,7.038
Lithuania_2023,Lithuania,2023,6.553
Luxembourg_2009,Luxembourg,2009,6.958
Luxembourg_2010,Luxembourg,2010,7.097
Luxembourg_2011,Luxembourg,2011,7.101
Luxembourg_2012,Luxembourg,2012,6.964
Luxembourg_2013,Luxembourg,2013,7.131
Luxembourg_2014,Luxembourg,2014,6.891
Luxembourg_2015,Luxembourg,2015,6.702
Luxembourg_2016,Luxembourg,2016,6.967
Luxembourg_2017,Luxembourg,2017,7.061
Luxembourg_2018,Luxembourg,2018,7.243
Luxembourg_2019,Luxembourg,2019,7.404
Luxembourg_2022,Luxembourg,2022,7.228
Luxembourg_2023,Luxembourg,2023,7.016
Madagascar_2006,Madagascar,2006,3.980
Madagascar_2008,Madagascar,2008,4.640
Madagascar_2011,Madagascar,2011,4.381
Madagascar_2012,Madagascar,2012,3.551
Madagascar_2013,Madagascar,2013,3.816
Madagascar_2014,Madagascar,2014,3.676
Madagascar_2015,Madagascar,2015,3.593
Madagascar_2016,Madagascar,2016,3.663
Madagascar_2017,Madagascar,2017,4.079
Madagascar_2018,Madagascar,2018,4.071
Madagascar_2019,Madagascar,2019,4.339
Madagascar_2022,Madagascar,2022,4.019
Madagascar_2023,Madagascar,2023,4.433
Malawi_2006,Malawi,2006,3.830
Malawi_2007,Malawi,2007,4.891
Malawi_2009,Malawi,2009,5.148
Malawi_2011,Malawi,2011,3.946
Malawi_2012,Malawi,2012,4.279
Malawi_2013,Malawi,2013,4.035
Malawi_2014,Malawi,2014,4.563
Malawi_2015,Malawi,2015,3.868
Malawi_2016,Malawi,2016,3.476
Malawi_2017,Malawi,2017,3.417
Malawi_2018,Malawi,2018,3.335
Malawi_2019,Malawi,2019,3.869
Malawi_2021,Malawi,2021,3.635
Malawi_2022,Malawi,2022,3.356
Malawi_2023,Malawi,2023,3.272
Malaysia_2006,Malaysia,2006,6.012
Malaysia_2007,Malaysia,2007,6.239
Malaysia_2008,Malaysia,2008,5.807
Malaysia_2009,Malaysia,2009,5.385
Malaysia_2010,Malaysia,2010,5.580
Malaysia_2011,Malaysia,2011,5.786
Malaysia_2012,Malaysia,2012,5.914
Malaysia_2013,Malaysia,2013,5.770
Malaysia_2014,Malaysia,2014,5.963
Malaysia_2015,Malaysia,2015,6.322
Malaysia_2018,Malaysia,2018,5.339
Malaysia_2019,Malaysia,2019,5.428
Malaysia_2020,Malaysia,2020,6.014
Malaysia_2021,Malaysia,2021,6.010
Malaysia_2022,Malaysia,2022,6.048
Malaysia_2023,Malaysia,2023,5.868
Maldives_2018,Maldives,2018,5.198
Mali_2006,Mali,2006,4.014
Mali_2008,Mali,2008,4.115
Mali_2009,Mali,2009,3.977
Mali_2010,Mali,2010,3.762
Mali_2011,Mali,2011,4.667
Mali_2012,Mali,2012,4.313
Mali_2013,Mali,2013,3.676
Mali_2014,Mali,2014,3.975
Mali_2015,Mali,2015,4.582
Mali_2016,Mali,2016,4.016
Mali_2017,Mali,2017,4.742
Mali_2018,Mali,2018,4.416
Mali_2019,Mali,2019,4.988
Mali_2020,Mali,2020,4.269
Mali_2021,Mali,2021,4.113
Mali_2022,Mali,2022,4.211
Mali_2023,Mali,2023,4.370
Malta_2009,Malta,2009,6.328
Malta_2010,Malta,2010,5.774
Malta_2011,Malta,2011,6.155
Malta_2012,Malta,2012,5.963
Malta_2013,Malta,2013,6.380
Malta_2014,Malta,2014,6.452
Malta_2015,Malta,2015,6.613
Malta_2016,Malta,2016,6.591
Malta_2017,Malta,2017,6.676
Malta_2018,Malta,2018,6.910
Malta_2019,Malta,2019,6.733
Malta_2020,Malta,2020,6.157
Malta_2021,Malta,2021,6.444
Malta_2022,Malta,2022,6.299
Malta_2023,Malta,2023,6.295
Mauritania_2007,Mauritania,2007,4.149
Mauritania_2008,Mauritania,2008,4.248
Mauritania_2009,Mauritania,2009,4.500
Mauritania_2010,Mauritania,2010,4.772
Mauritania_2011,Mauritania,2011,4.785
Mauritania_2012,Mauritania,2012,4.673
Mauritania_2013,Mauritania,2013,4.199
Mauritania_2014,Mauritania,2014,4.483
Mauritania_2015,Mauritania,2015,3.923
Mauritania_2016,Mauritania,2016,4.472
Mauritania_2017,Mauritania,2017,4.678
Mauritania_2018,Mauritania,2018,4.314
Mauritania_2019,Mauritania,2019,4.153
Mauritania_2022,Mauritania,2022,4.724
Mauritania_2023,Mauritania,2023,4.292
Mauritius_2011,Mauritius,2011,5.477
Mauritius_2014,Mauritius,2014,5.648
Mauritius_2016,Mauritius,2016,5.610
Mauritius_2017,Mauritius,2017,6.174
Mauritius_2018,Mauritius,2018,5.882
Mauritius_2019,Mauritius,2019,6.241
Mauritius_2020,Mauritius,2020,6.015
Mauritius_2021,Mauritius,2021,5.949
Mauritius_2022,Mauritius,2022,5.741
Mauritius_2023,Mauritius,2023,5.759
Mexico_2005,Mexico,2005,6.581
Mexico_2007,Mexico,2007,6.525
Mexico_2008,Mexico,2008,6.829
Mexico_2009,Mexico,2009,6.963
Mexico_2010,Mexico,2010,6.802
Mexico_2011,Mexico,2011,6.910
Mexico_2012,Mexico,2012,7.320
Mexico_2013,Mexico,2013,7.443
Mexico_2014,Mexico,2014,6.680
Mexico_2015,Mexico,2015,6.236
Mexico_2016,Mexico,2016,6.824
Mexico_2017,Mexico,2017,6.410
Mexico_2018,Mexico,2018,6.550
Mexico_2019,Mexico,2019,6.432
Mexico_2020,Mexico,2020,5.964
Mexico_2021,Mexico,2021,5.991
Mexico_2022,Mexico,2022,7.038
Mexico_2023,Mexico,2023,7.006
Moldova_2006,Moldova,2006,5.102
Moldova_2007,Moldova,2007,4.775
Moldova_2008,Moldova,2008,5.503
Moldova_2009,Moldova,2009,5.554
Moldova_2010,Moldova,2010,5.590
Moldova_2011,Moldova,2011,5.792
Moldova_2012,Moldova,2012,5.996
Moldova_2013,Moldova,2013,5.756
Moldova_2014,Moldova,2014,5.917
Moldova_2015,Moldova,2015,6.017
Moldova_2016,Moldova,2016,5.578
Moldova_2017,Moldova,2017,5.326
Moldova_2018,Moldova,2018,5.682
Moldova_2019,Moldova,2019,5.803
Moldova_2020,Moldova,2020,5.812
Moldova_2021,Moldova,2021,5.959
Moldova_2022,Moldova,2022,5.687
Moldova_2023,Moldova,2023,5.801
Mongolia_2007,Mongolia,2007,4.609
Mongolia_2008,Mongolia,2008,4.493
Mongolia_2010,Mongolia,2010,4.586
Mongolia_2011,Mongolia,2011,5.031
Mongolia_2012,Mongolia,2012,4.885
Mongolia_2013,Mongolia,2013,4.913
Mongolia_2014,Mongolia,2014,4.825
Mongolia_2015,Mongolia,2015,4.983
Mongolia_2016,Mongolia,2016,5.057
Mongolia_2017,Mongolia,2017,5.334
Mongolia_2018,Mongolia,2018,5.465
Mongolia_2019,Mongolia,2019,5.563
Mongolia_2020,Mongolia,2020,6.011
Mongolia_2021,Mongolia,2021,5.721
Mongolia_2022,Mongolia,2022,5.788
Mongolia_2023,Mongolia,2023,5.580
Montenegro_2007,Montenegro,2007,5.196
Montenegro_2009,Montenegro,2009,4.801
Montenegro_2010,Montenegro,2010,5.455
Montenegro_2011,Montenegro,2011,5.223
Montenegro_2012,Montenegro,2012,5.219
Montenegro_2013,Montenegro,2013,5.074
Montenegro_2014,Montenegro,2014,5.283
Montenegro_2015,Montenegro,2015,5.125
Montenegro_2016,Montenegro,2016,5.304
Montenegro_2017,Montenegro,2017,5.615
Montenegro_2018,Montenegro,2018,5.650
Montenegro_2019,Montenegro,2019,5.386
Montenegro_2020,Montenegro,2020,5.722
Montenegro_2022,Montenegro,2022,5.600
Montenegro_2023,Montenegro,2023,5.813
Morocco_2010,Morocco,2010,4.383
Morocco_2011,Morocco,2011,5.085
Morocco_2012,Morocco,2012,4.970
Morocco_2013,Morocco,2013,5.142
Morocco_2015,Morocco,2015,5.163
Morocco_2016,Morocco,2016,5.386
Morocco_2017,Morocco,2017,5.312
Morocco_2018,Morocco,2018,4.897
Morocco_2019,Morocco,2019,5.057
Morocco_2020,Morocco,2020,4.803
Morocco_2021,Morocco,2021,5.326
Morocco_2022,Morocco,2022,4.596
Morocco_2023,Morocco,2023,4.487
Mozambique_2006,Mozambique,2006,4.595
Mozambique_2007,Mozambique,2007,4.833
Mozambique_2008,Mozambique,2008,4.654
Mozambique_2011,Mozambique,2011,4.971
Mozambique_2015,Mozambique,2015,4.550
Mozambique_2017,Mozambique,2017,4.280
Mozambique_2018,Mozambique,2018,4.654
Mozambique_2019,Mozambique,2019,4.932
Mozambique_2021,Mozambique,2021,5.178
Mozambique_2022,Mozambique,2022,4.740
Mozambique_2023,Mozambique,2023,5.704
Myanmar_2012,Myanmar,2012,4.439
Myanmar_2013,Myanmar,2013,4.176
Myanmar_2014,Myanmar,2014,4.786
Myanmar_2015,Myanmar,2015,4.224
Myanmar_2016,Myanmar,2016,4.623
Myanmar_2017,Myanmar,2017,4.154
Myanmar_2018,Myanmar,2018,4.411
Myanmar_2019,Myanmar,2019,4.434
Myanmar_2020,Myanmar,2020,4.431
Myanmar_2021,Myanmar,2021,4.314
Myanmar_2022,Myanmar,2022,4.359
Myanmar_2023,Myanmar,2023,4.391
Namibia_2007,Namibia,2007,4.886
Namibia_2014,Namibia,2014,4.574
Namibia_2017,Namibia,2017,4.441
Namibia_2018,Namibia,2018,4.834
Namibia_2019,Namibia,2019,4.436
Namibia_2020,Namibia,2020,4.451
Namibia_2021,Namibia,2021,4.491
Namibia_2022,Namibia,2022,4.949
Namibia_2023,Namibia,2023,5.055
Nepal_2006,Nepal,2006,4.567
Nepal_2007,Nepal,2007,4.748
Nepal_2008,Nepal,2008,4.441
Nepal_2009,Nepal,2009,4.917
Nepal_2010,Nepal,2010,4.350
Nepal_2011,Nepal,2011,3.809
Nepal_2012,Nepal,2012,4.233
Nepal_2013,Nepal,2013,4.605
Nepal_2014,Nepal,2014,4.975
Nepal_2015,Nepal,2015,4.812
Nepal_2016,Nepal,2016,5.100
Nepal_2017,Nepal,2017,4.737
Nepal_2018,Nepal,2018,4.910
Nepal_2019,Nepal,2019,5.449
Nepal_2020,Nepal,2020,5.982
Nepal_2021,Nepal,2021,4.622
Nepal_2022,Nepal,2022,5.474
Nepal_2023,Nepal,2023,5.389
Netherlands_2005,Netherlands,2005,7.464
Netherlands_2007,Netherlands,2007,7.452
Netherlands_2008,Netherlands,2008,7.631
Netherlands_2010,Netherlands,2010,7.502
Netherlands_2011,Netherlands,2011,7.564
Netherlands_2012,Netherlands,2012,7.471
Netherlands_2013,Netherlands,2013,7.407
Netherlands_2014,Netherlands,2014,7.321
Netherlands_2015,Netherlands,2015,7.324
Netherlands_2016,Netherlands,2016,7.541
Netherlands_2017,Netherlands,2017,7.459
Netherlands_2018,Netherlands,2018,7.463
Netherlands_2019,Netherlands,2019,7.425
Netherlands_2020,Netherlands,2020,7.504
Netherlands_2021,Netherlands,2021,7.314
Netherlands_2022,Netherlands,2022,7.390
Netherlands_2023,Netherlands,2023,7.255
New Zealand_2006,New Zealand,2006,7.305
New Zealand_2007,New Zealand,2007,7.604
New Zealand_2008,New Zealand,2008,7.381
New Zealand_2010,New Zealand,2010,7.224
New Zealand_2011,New Zealand,2011,7.191
New Zealand_2012,New Zealand,2012,7.250
New Zealand_2013,New Zealand,2013,7.280
New Zealand_2014,New Zealand,2014,7.306
New Zealand_2015,New Zealand,2015,7.418
New Zealand_2016,New Zealand,2016,7.226
New Zealand_2017,New Zealand,2017,7.327
New Zealand_2018,New Zealand,2018,7.370
New Zealand_2019,New Zealand,2019,7.205
New Zealand_2020,New Zealand,2020,7.257
New Zealand_2021,New Zealand,2021,7.137
New Zealand_2022,New Zealand,2022,6.975
New Zealand_2023,New Zealand,2023,6.976
Nicaragua_2006,Nicaragua,2006,4.460
Nicaragua_2007,Nicaragua,2007,4.944
Nicaragua_2008,Nicaragua,2008,5.104
Nicaragua_2009,Nicaragua,2009,5.353
Nicaragua_2010,Nicaragua,2010,5.687
Nicaragua_2011,Nicaragua,2011,5.386
Nicaragua_2012,Nicaragua,2012,5.448
Nicaragua_2013,Nicaragua,2013,5.772
Nicaragua_2014,Nicaragua,2014,6.275
Nicaragua_2015,Nicaragua,2015,5.924
Nicaragua_2016,Nicaragua,2016,6.013
Nicaragua_2017,Nicaragua,2017,6.476
Nicaragua_2018,Nicaragua,2018,5.819
Nicaragua_2019,Nicaragua,2019,6.113
Nicaragua_2020,Nicaragua,2020,6.287
Nicaragua_2021,Nicaragua,2021,6.095
Nicaragua_2022,Nicaragua,2022,6.392
Nicaragua_2023,Nicaragua,2023,6.362
Niger_2006,Niger,2006,3.737
Niger_2007,Niger,2007,4.277
Niger_2008,Niger,2008,4.236
Niger_2009,Niger,2009,4.267
Niger_2010,Niger,2010,4.101
Niger_2011,Niger,2011,4.556
Niger_2012,Niger,2012,3.798
Niger_2013,Niger,2013,3.716
Niger_2014,Niger,2014,4.181
Niger_2015,Niger,2015,3.671
Niger_2016,Niger,2016,4.235
Niger_2017,Niger,2017,4.616
Niger_2018,Niger,2018,5.164
Niger_2019,Niger,2019,5.004
Niger_2022,Niger,2022,4.501
Niger_2023,Niger,2023,4.609
Nigeria_2006,Nigeria,2006,4.710
Nigeria_2007,Nigeria,2007,4.890
Nigeria_2008,Nigeria,2008,4.939
Nigeria_2009,Nigeria,2009,4.980
Nigeria_2010,Nigeria,2010,4.760
Nigeria_2012,Nigeria,2012,5.493
Nigeria_2013,Nigeria,2013,4.818
Nigeria_2015,Nigeria,2015,4.933
Nigeria_2016,Nigeria,2016,5.220
Nigeria_2017,Nigeria,2017,5.322
Nigeria_2018,Nigeria,2018,5.252
Nigeria_2019,Nigeria,2019,4.266
Nigeria_2020,Nigeria,2020,5.503
Nigeria_2021,Nigeria,2021,4.479
Nigeria_2022,Nigeria,2022,5.294
Nigeria_2023,Nigeria,2023,4.869
North Macedonia_2007,North Macedonia,2007,4.494
North Macedonia_2009,North Macedonia,2009,4.428
North Macedonia_2010,North Macedonia,2010,4.180
North Macedonia_2011,North Macedonia,2011,4.898
North Macedonia_2012,North Macedonia,2012,4.640
North Macedonia_2013,North Macedonia,2013,5.186
North Macedonia_2014,North Macedonia,2014,5.204
North Macedonia_2015,North Macedonia,2015,4.976
North Macedonia_2016,North Macedonia,2016,5.346
North Macedonia_2017,North Macedonia,2017,5.234
North Macedonia_2018,North Macedonia,2018,5.240
North Macedonia_2019,North Macedonia,2019,5.015
North Macedonia_2020,North Macedonia,2020,5.054
North Macedonia_2021,North Macedonia,2021,5.535
North Macedonia_2022,North Macedonia,2022,5.167
North Macedonia_2023,North Macedonia,2023,5.403
Norway_2006,Norway,2006,7.416
Norway_2008,Norway,2008,7.632
Norway_2012,Norway,2012,7.678
Norway_2014,Norway,2014,7.444
Norway_2015,Norway,2015,7.603
Norway_2016,Norway,2016,7.596
Norway_2017,Norway,2017,7.579
Norway_2018,Norway,2018,7.444
Norway_2019,Norway,2019,7.442
Norway_2020,Norway,2020,7.290
Norway_2021,Norway,2021,7.362
Norway_2022,Norway,2022,7.295
Norway_2023,Norway,2023,7.249
Oman_2011,Oman,2011,6.853
Pakistan_2005,Pakistan,2005,5.225
Pakistan_2007,Pakistan,2007,5.671
Pakistan_2008,Pakistan,2008,4.414
Pakistan_2009,Pakistan,2009,5.208
Pakistan_2010,Pakistan,2010,5.786
Pakistan_2011,Pakistan,2011,5.267
Pakistan_2012,Pakistan,2012,5.132
Pakistan_2013,Pakistan,2013,5.138
Pakistan_2014,Pakistan,2014,5.436
Pakistan_2015,Pakistan,2015,4.823
Pakistan_2016,Pakistan,2016,5.549
Pakistan_2017,Pakistan,2017,5.831
Pakistan_2018,Pakistan,2018,5.472
Pakistan_2019,Pakistan,2019,4.443
Pakistan_2020,Pakistan,2020,4.624
Pakistan_2021,Pakistan,2021,4.487
Pakistan_2022,Pakistan,2022,4.931
Pakistan_2023,Pakistan,2023,4.549
Panama_2006,Panama,2006,6.128
Panama_2007,Panama,2007,6.894
Panama_2008,Panama,2008,6.931
Panama_2009,Panama,2009,7.034
Panama_2010,Panama,2010,7.321
Panama_2011,Panama,2011,7.248
Panama_2012,Panama,2012,6.860
Panama_2013,Panama,2013,6.866
Panama_2014,Panama,2014,6.631
Panama_2015,Panama,2015,6.606
Panama_2016,Panama,2016,6.118
Panama_2017,Panama,2017,6.568
Panama_2018,Panama,2018,6.281
Panama_2019,Panama,2019,6.086
Panama_2021,Panama,2021,6.553
Panama_2022,Panama,2022,5.979
Panama_2023,Panama,2023,6.543
Paraguay_2006,Paraguay,2006,4.730
Paraguay_2007,Paraguay,2007,5.272
Paraguay_2008,Paraguay,2008,5.570
Paraguay_2009,Paraguay,2009,5.576
Paraguay_2010,Paraguay,2010,5.841
Paraguay_2011,Paraguay,2011,5.677
Paraguay_2012,Paraguay,2012,5.820
Paraguay_2013,Paraguay,2013,5.936
Paraguay_2014,Paraguay,2014,5.119
Paraguay_2015,Paraguay,2015,5.560
Paraguay_2016,Paraguay,2016,5.801
Paraguay_2017,Paraguay,2017,5.713
Paraguay_2019,Paraguay,2019,5.653
Paraguay_2020,Paraguay,2020,5.501
Paraguay_2021,Paraguay,2021,5.576
Paraguay_2022,Paraguay,2022,6.138
Paraguay_2023,Paraguay,2023,6.214
Peru_2006,Peru,2006,4.811
Peru_2007,Peru,2007,5.214
Peru_2008,Peru,2008,5.129
Peru_2009,Peru,2009,5.519
Peru_2010,Peru,2010,5.613
Peru_2011,Peru,2011,5.892
Peru_2012,Peru,2012,5.825
Peru_2013,Peru,2013,5.783
Peru_2014,Peru,2014,5.866
Peru_2015,Peru,2015,5.577
Peru_2016,Peru,2016,5.701
Peru_2017,Peru,2017,5.711
Peru_2018,Peru,2018,5.680
Peru_2019,Peru,2019,5.999
Peru_2020,Peru,2020,4.994
Peru_2021,Peru,2021,5.694
Peru_2022,Peru,2022,5.892
Peru_2023,Peru,2023,5.936
Philippines_2006,Philippines,2006,4.670
Philippines_2007,Philippines,2007,5.074
Philippines_2008,Philippines,2008,4.589
Philippines_2009,Philippines,2009,4.880
Philippines_2010,Philippines,2010,4.942
Philippines_2011,Philippines,2011,4.994
Philippines_2012,Philippines,2012,5.002
Philippines_2013,Philippines,2013,4.977
Philippines_2014,Philippines,2014,5.313
Philippines_2015,Philippines,2015,5.547
Philippines_2016,Philippines,2016,5.431
Philippines_2017,Philippines,2017,5.594
Philippines_2018,Philippines,2018,5.869
Philippines_2019,Philippines,2019,6.268
Philippines_2020,Philippines,2020,5.080
Philippines_2021,Philippines,2021,5.965
Philippines_2022,Philippines,2022,5.995
Philippines_2023,Philippines,2023,6.184
Poland_2005,Poland,2005,5.587
Poland_2007,Poland,2007,5.886
Poland_2009,Poland,2009,5.772
Poland_2010,Poland,2010,5.887
Poland_2011,Poland,2011,5.646
Poland_2012,Poland,2012,5.876
Poland_2013,Poland,2013,5.746
Poland_2014,Poland,2014,5.750
Poland_2015,Poland,2015,6.007
Poland_2016,Poland,2016,6.162
Poland_2017,Poland,2017,6.201
Poland_2018,Poland,2018,6.111
Poland_2019,Poland,2019,6.242
Poland_2020,Poland,2020,6.139
Poland_2021,Poland,2021,5.978
Poland_2022,Poland,2022,6.666
Poland_2023,Poland,2023,6.685
Portugal_2006,Portugal,2006,5.405
Portugal_2008,Portugal,2008,5.717
Portugal_2010,Portugal,2010,5.095
Portugal_2011,Portugal,2011,5.220
Portugal_2012,Portugal,2012,4.994
Portugal_2013,Portugal,2013,5.158
Portugal_2014,Portugal,2014,5.127
Portugal_2015,Portugal,2015,5.081
Portugal_2016,Portugal,2016,5.447
Portugal_2017,Portugal,2017,5.711
Portugal_2018,Portugal,2018,5.920
Portugal_2019,Portugal,2019,6.095
Portugal_2020,Portugal,2020,5.768
Portugal_2021,Portugal,2021,6.183
Portugal_2022,Portugal,2022,5.953
Portugal_2023,Portugal,2023,5.954
Qatar_2009,Qatar,2009,6.418
Qatar_2010,Qatar,2010,6.850
Qatar_2011,Qatar,2011,6.592
Qatar_2012,Qatar,2012,6.611
Qatar_2015,Qatar,2015,6.375
Romania_2005,Romania,2005,5.049
Romania_2007,Romania,2007,5.394
Romania_2009,Romania,2009,5.368
Romania_2010,Romania,2010,4.909
Romania_2011,Romania,2011,5.023
Romania_2012,Romania,2012,5.167
Romania_2013,Romania,2013,5.082
Romania_2014,Romania,2014,5.727
Romania_2015,Romania,2015,5.777
Romania_2016,Romania,2016,5.969
Romania_2017,Romania,2017,6.090
Romania_2018,Romania,2018,6.151
Romania_2019,Romania,2019,6.130
Romania_2020,Romania,2020,6.785
Romania_2021,Romania,2021,6.549
Romania_2022,Romania,2022,6.437
Romania_2023,Romania,2023,6.489
Russia_2006,Russia,2006,4.964
Russia_2007,Russia,2007,5.223
Russia_2008,Russia,2008,5.619
Russia_2009,Russia,2009,5.158
Russia_2010,Russia,2010,5.385
Russia_2011,Russia,2011,5.389
Russia_2012,Russia,2012,5.621
Russia_2013,Russia,2013,5.537
Russia_2014,Russia,2014,6.037
Russia_2015,Russia,2015,5.996
Russia_2016,Russia,2016,5.855
Russia_2017,Russia,2017,5.579
Russia_2018,Russia,2018,5.514
Russia_2019,Russia,2019,5.441
Russia_2020,Russia,2020,5.495
Russia_2021,Russia,2021,5.448
Russia_2022,Russia,2022,6.044
Russia_2023,Russia,2023,5.865
Rwanda_2006,Rwanda,2006,4.215
Rwanda_2008,Rwanda,2008,4.363
Rwanda_2009,Rwanda,2009,4.030
Rwanda_2011,Rwanda,2011,4.097
Rwanda_2012,Rwanda,2012,3.333
Rwanda_2013,Rwanda,2013,3.466
Rwanda_2014,Rwanda,2014,3.596
Rwanda_2015,Rwanda,2015,3.483
Rwanda_2016,Rwanda,2016,3.333
Rwanda_2017,Rwanda,2017,3.108
Rwanda_2018,Rwanda,2018,3.561
Rwanda_2019,Rwanda,2019,3.268
Saudi Arabia_2005,Saudi Arabia,2005,7.080
Saudi Arabia_2007,Saudi Arabia,2007,7.267
Saudi Arabia_2008,Saudi Arabia,2008,6.811
Saudi Arabia_2009,Saudi Arabia,2009,6.148
Saudi Arabia_2010,Saudi Arabia,2010,6.307
Saudi Arabia_2011,Saudi Arabia,2011,6.700
Saudi Arabia_2012,Saudi Arabia,2012,6.396
Saudi Arabia_2013,Saudi Arabia,2013,6.495
Saudi Arabia_2014,Saudi Arabia,2014,6.278
Saudi Arabia_2015,Saudi Arabia,2015,6.345
Saudi Arabia_2016,Saudi Arabia,2016,6.474
Saudi Arabia_2017,Saudi Arabia,2017,6.294
Saudi Arabia_2018,Saudi Arabia,2018,6.356
Saudi Arabia_2019,Saudi Arabia,2019,6.561
Saudi Arabia_2020,Saudi Arabia,2020,6.560
Saudi Arabia_2021,Saudi Arabia,2021,6.445
Saudi Arabia_2022,Saudi Arabia,2022,6.382
Saudi Arabia_2023,Saudi Arabia,2023,6.953
Senegal_2006,Senegal,2006,4.417
Senegal_2007,Senegal,2007,4.680
Senegal_2008,Senegal,2008,4.683
Senegal_2009,Senegal,2009,4.335
Senegal_2010,Senegal,2010,4.372
Senegal_2011,Senegal,2011,3.834
Senegal_2012,Senegal,2012,3.669
Senegal_2013,Senegal,2013,3.647
Senegal_2014,Senegal,2014,4.395
Senegal_2015,Senegal,2015,4.617
Senegal_2016,Senegal,2016,4.595
Senegal_2017,Senegal,2017,4.683
Senegal_2018,Senegal,2018,4.769
Senegal_2019,Senegal,2019,5.489
Senegal_2020,Senegal,2020,4.757
Senegal_2021,Senegal,2021,4.903
Senegal_2022,Senegal,2022,4.907
Senegal_2023,Senegal,2023,5.093
Serbia_2007,Serbia,2007,4.750
Serbia_2009,Serbia,2009,4.380
Serbia_2010,Serbia,2010,4.461
Serbia_2011,Serbia,2011,4.815
Serbia_2012,Serbia,2012,5.155
Serbia_2013,Serbia,2013,5.102
Serbia_2014,Serbia,2014,5.113
Serbia_2015,Serbia,2015,5.318
Serbia_2016,Serbia,2016,5.753
Serbia_2017,Serbia,2017,5.122
Serbia_2018,Serbia,2018,5.936
Serbia_2019,Serbia,2019,6.241
Serbia_2020,Serbia,2020,6.042
Serbia_2021,Serbia,2021,6.245
Serbia_2022,Serbia,2022,6.546
Serbia_2023,Serbia,2023,6.441
Sierra Leone_2006,Sierra Leone,2006,3.628
Sierra Leone_2007,Sierra Leone,2007,3.585
Sierra Leone_2008,Sierra Leone,2008,2.997
Sierra Leone_2010,Sierra Leone,2010,4.134
Sierra Leone_2011,Sierra Leone,2011,4.502
Sierra Leone_2013,Sierra Leone,2013,4.514
Sierra Leone_2014,Sierra Leone,2014,4.500
Sierra Leone_2015,Sierra Leone,2015,4.909
Sierra Leone_2016,Sierra Leone,2016,4.733
Sierra Leone_2017,Sierra Leone,2017,4.090
Sierra Leone_2018,Sierra Leone,2018,4.306
Sierra Leone_2019,Sierra Leone,2019,3.447
Sierra Leone_2021,Sierra Leone,2021,3.714
Sierra Leone_2022,Sierra Leone,2022,2.560
Sierra Leone_2023,Sierra Leone,2023,3.467
Singapore_2006,Singapore,2006,6.463
Singapore_2007,Singapore,2007,6.834
Singapore_2008,Singapore,2008,6.642
Singapore_2009,Singapore,2009,6.145
Singapore_2010,Singapore,2010,6.531
Singapore_2011,Singapore,2011,6.561
Singapore_2013,Singapore,2013,6.533
Singapore_2014,Singapore,2014,7.062
Singapore_2015,Singapore,2015,6.620
Singapore_2016,Singapore,2016,6.033
Singapore_2017,Singapore,2017,6.378
Singapore_2018,Singapore,2018,6.375
Singapore_2019,Singapore,2019,6.378
Singapore_2021,Singapore,2021,6.587
Singapore_2022,Singapore,2022,6.333
Singapore_2023,Singapore,2023,6.654
Slovakia_2006,Slovakia,2006,5.265
Slovakia_2010,Slovakia,2010,6.052
Slovakia_2011,Slovakia,2011,5.945
Slovakia_2012,Slovakia,2012,5.911
Slovakia_2013,Slovakia,2013,5.937
Slovakia_2014,Slovakia,2014,6.139
Slovakia_2015,Slovakia,2015,6.162
Slovakia_2016,Slovakia,2016,5.993
Slovakia_2017,Slovakia,2017,6.366
Slovakia_2018,Slovakia,2018,6.235
Slovakia_2019,Slovakia,2019,6.243
Slovakia_2020,Slovakia,2020,6.519
Slovakia_2021,Slovakia,2021,6.419
Slovakia_2022,Slovakia,2022,6.091
Slovakia_2023,Slovakia,2023,6.261
Slovenia_2006,Slovenia,2006,5.811
Slovenia_2009,Slovenia,2009,5.830
Slovenia_2010,Slovenia,2010,6.083
Slovenia_2011,Slovenia,2011,6.036
Slovenia_2012,Slovenia,2012,6.063
Slovenia_2013,Slovenia,2013,5.975
Slovenia_2014,Slovenia,2014,5.678
Slovenia_2015,Slovenia,2015,5.741
Slovenia_2016,Slovenia,2016,5.937
Slovenia_2017,Slovenia,2017,6.167
Slovenia_2018,Slovenia,2018,6.249
Slovenia_2019,Slovenia,2019,6.665
Slovenia_2020,Slovenia,2020,6.462
Slovenia_2021,Slovenia,2021,6.761
Slovenia_2022,Slovenia,2022,6.723
Slovenia_2023,Slovenia,2023,6.746
Somalia_2014,Somalia,2014,5.528
Somalia_2015,Somalia,2015,5.354
Somalia_2016,Somalia,2016,4.668
Somaliland region_2009,Somaliland region,2009,4.991
Somaliland region_2010,Somaliland region,2010,4.657
Somaliland region_2011,Somaliland region,2011,4.931
Somaliland region_2012,Somaliland region,2012,5.057
South Africa_2006,South Africa,2006,5.084
South Africa_2007,South Africa,2007,5.204
South Africa_2008,South Africa,2008,5.346
South Africa_2009,South Africa,2009,5.218
South Africa_2010,South Africa,2010,4.652
South Africa_2011,South Africa,2011,4.931
South Africa_2012,South Africa,2012,5.134
South Africa_2013,South Africa,2013,3.661
South Africa_2014,South Africa,2014,4.828
South Africa_2015,South Africa,2015,4.887
South Africa_2016,South Africa,2016,4.770
South Africa_2017,South Africa,2017,4.514
South Africa_2018,South Africa,2018,4.884
South Africa_2019,South Africa,2019,5.035
South Africa_2020,South Africa,2020,4.947
South Africa_2021,South Africa,2021,5.599
South Africa_2022,South Africa,2022,5.581
South Africa_2023,South Africa,2023,5.076
South Korea_2006,South Korea,2006,5.332
South Korea_2007,South Korea,2007,5.767
South Korea_2008,South Korea,2008,5.390
South Korea_2009,South Korea,2009,5.648
South Korea_2010,South Korea,2010,6.116
South Korea_2011,South Korea,2011,6.947
South Korea_2012,South Korea,2012,6.003
South Korea_2013,South Korea,2013,5.959
South Korea_2014,South Korea,2014,5.801
South Korea_2015,South Korea,2015,5.780
South Korea_2016,South Korea,2016,5.971
South Korea_2017,South Korea,2017,5.874
South Korea_2018,South Korea,2018,5.840
South Korea_2019,South Korea,2019,5.903
South Korea_2020,South Korea,2020,5.793
South Korea_2021,South Korea,2021,6.113
South Korea_2022,South Korea,2022,5.950
South Korea_2023,South Korea,2023,6.112
South Sudan_2014,South Sudan,2014,3.832
South Sudan_2015,South Sudan,2015,4.071
South Sudan_2016,South Sudan,2016,2.888
South Sudan_2017,South Sudan,2017,2.817
Spain_2005,Spain,2005,7.153
Spain_2007,Spain,2007,6.995
Spain_2008,Spain,2008,7.294
Spain_2009,Spain,2009,6.199
Spain_2010,Spain,2010,6.188
Spain_2011,Spain,2011,6.518
Spain_2012,Spain,2012,6.291
Spain_2013,Spain,2013,6.150
Spain_2014,Spain,2014,6.456
Spain_2015,Spain,2015,6.381
Spain_2016,Spain,2016,6.319
Spain_2017,Spain,2017,6.230
Spain_2018,Spain,2018,6.513
Spain_2019,Spain,2019,6.457
Spain_2020,Spain,2020,6.502
Spain_2021,Spain,2021,6.470
Spain_2022,Spain,2022,6.337
Spain_2023,Spain,2023,6.456
Sri Lanka_2006,Sri Lanka,2006,4.345
Sri Lanka_2007,Sri Lanka,2007,4.415
Sri Lanka_2008,Sri Lanka,2008,4.431
Sri Lanka_2009,Sri Lanka,2009,4.212
Sri Lanka_2010,Sri Lanka,2010,3.977
Sri Lanka_2011,Sri Lanka,2011,4.181
Sri Lanka_2012,Sri Lanka,2012,4.225
Sri Lanka_2013,Sri Lanka,2013,4.365
Sri Lanka_2014,Sri Lanka,2014,4.268
Sri Lanka_2015,Sri Lanka,2015,4.612
Sri Lanka_2017,Sri Lanka,2017,4.331
Sri Lanka_2018,Sri Lanka,2018,4.435
Sri Lanka_2019,Sri Lanka,2019,4.213
Sri Lanka_2020,Sri Lanka,2020,4.778
Sri Lanka_2021,Sri Lanka,2021,4.103
Sri Lanka_2022,Sri Lanka,2022,3.985
Sri Lanka_2023,Sri Lanka,2023,3.602
State of Palestine_2006,State of Palestine,2006,4.716
State of Palestine_2007,State of Palestine,2007,4.151
State of Palestine_2008,State of Palestine,2008,4.386
State of Palestine_2009,State of Palestine,2009,4.470
State of Palestine_2010,State of Palestine,2010,4.703
State of Palestine_2011,State of Palestine,2011,4.751
State of Palestine_2012,State of Palestine,2012,4.647
State of Palestine_2013,State of Palestine,2013,4.844
State of Palestine_2014,State of Palestine,2014,4.722
State of Palestine_2015,State of Palestine,2015,4.695
State of Palestine_2016,State of Palestine,2016,4.907
State of Palestine_2017,State of Palestine,2017,4.628
State of Palestine_2018,State of Palestine,2018,4.554
State of Palestine_2019,State of Palestine,2019,4.483
State of Palestine_2022,State of Palestine,2022,4.908
State of Palestine_2023,State of Palestine,2023,4.851
Sudan_2009,Sudan,2009,4.455
Sudan_2010,Sudan,2010,4.435
Sudan_2011,Sudan,2011,4.314
Sudan_2012,Sudan,2012,4.550
Sudan_2014,Sudan,2014,4.139
Suriname_2012,Suriname,2012,6.269
Sweden_2005,Sweden,2005,7.376
Sweden_2007,Sweden,2007,7.241
Sweden_2008,Sweden,2008,7.516
Sweden_2009,Sweden,2009,7.266
Sweden_2010,Sweden,2010,7.496
Sweden_2011,Sweden,2011,7.382
Sweden_2012,Sweden,2012,7.560
Sweden_2013,Sweden,2013,7.434
Sweden_2014,Sweden,2014,7.239
Sweden_2015,Sweden,2015,7.289
Sweden_2016,Sweden,2016,7.369
Sweden_2017,Sweden,2017,7.287
Sweden_2018,Sweden,2018,7.375
Sweden_2019,Sweden,2019,7.398
Sweden_2020,Sweden,2020,7.314
Sweden_2021,Sweden,2021,7.439
Sweden_2022,Sweden,2022,7.431
Sweden_2023,Sweden,2023,7.161
Switzerland_2006,Switzerland,2006,7.473
Switzerland_2009,Switzerland,2009,7.525
Switzerland_2012,Switzerland,2012,7.776
Switzerland_2014,Switzerland,2014,7.493
Switzerland_2015,Switzerland,2015,7.572
Switzerland_2016,Switzerland,2016,7.459
Switzerland_2017,Switzerland,2017,7.474
Switzerland_2018,Switzerland,2018,7.509
Switzerland_2019,Switzerland,2019,7.694
Switzerland_2020,Switzerland,2020,7.508
Switzerland_2021,Switzerland,2021,7.328
Switzerland_2022,Switzerland,2022,6.884
Switzerland_2023,Switzerland,2023,6.969
Syria_2008,Syria,2008,5.323
Syria_2009,Syria,2009,4.979
Syria_2010,Syria,2010,4.465
Syria_2011,Syria,2011,4.038
Syria_2012,Syria,2012,3.164
Syria_2013,Syria,2013,2.688
Syria_2015,Syria,2015,3.462
Taiwan Province of China_2006,Taiwan Province of China,2006,6.189
Taiwan Province of China_2008,Taiwan Province of China,2008,5.548
Taiwan Province of China_2010,Taiwan Province of China,2010,6.229
Taiwan Province of China_2011,Taiwan Province of China,2011,6.309
Taiwan Province of China_2012,Taiwan Province of China,2012,6.126
Taiwan Province of China_2013,Taiwan Province of China,2013,6.340
Taiwan Province of China_2014,Taiwan Province of China,2014,6.363
Taiwan Province of China_2015,Taiwan Province of China,2015,6.450
Taiwan Province of China_2016,Taiwan Province of China,2016,6.513
Taiwan Province of China_2017,Taiwan Province of China,2017,6.359
Taiwan Province of China_2018,Taiwan Province of China,2018,6.467
Taiwan Province of China_2019,Taiwan Province of China,2019,6.537
Taiwan Province of China_2020,Taiwan Province of China,2020,6.751
Taiwan Province of China_2021,Taiwan Province of China,2021,6.247
Taiwan Province of China_2022,Taiwan Province of China,2022,6.607
Taiwan Province of China_2023,Taiwan Province of China,2023,6.655
Tajikistan_2006,Tajikistan,2006,4.613
Tajikistan_2007,Tajikistan,2007,4.432
Tajikistan_2008,Tajikistan,2008,5.064
Tajikistan_2009,Tajikistan,2009,4.575
Tajikistan_2010,Tajikistan,2010,4.381
Tajikistan_2011,Tajikistan,2011,4.263
Tajikistan_2012,Tajikistan,2012,4.497
Tajikistan_2013,Tajikistan,2013,4.967
Tajikistan_2014,Tajikistan,2014,4.896
Tajikistan_2015,Tajikistan,2015,5.124
Tajikistan_2016,Tajikistan,2016,5.104
Tajikistan_2017,Tajikistan,2017,5.829
Tajikistan_2018,Tajikistan,2018,5.497
Tajikistan_2019,Tajikistan,2019,5.464
Tajikistan_2020,Tajikistan,2020,5.373
Tajikistan_2021,Tajikistan,2021,5.287
Tajikistan_2022,Tajikistan,2022,5.176
Tajikistan_2023,Tajikistan,2023,5.379
Tanzania_2006,Tanzania,2006,3.922
Tanzania_2007,Tanzania,2007,4.318
Tanzania_2008,Tanzania,2008,4.385
Tanzania_2009,Tanzania,2009,3.408
Tanzania_2010,Tanzania,2010,3.229
Tanzania_2011,Tanzania,2011,4.074
Tanzania_2012,Tanzania,2012,4.007
Tanzania_2013,Tanzania,2013,3.852
Tanzania_2014,Tanzania,2014,3.483
Tanzania_2015,Tanzania,2015,3.661
Tanzania_2016,Tanzania,2016,2.903
Tanzania_2017,Tanzania,2017,3.347
Tanzania_2018,Tanzania,2018,3.445
Tanzania_2019,Tanzania,2019,3.640
Tanzania_2020,Tanzania,2020,3.786
Tanzania_2021,Tanzania,2021,3.681
Tanzania_2022,Tanzania,2022,3.616
Tanzania_2023,Tanzania,2023,4.042
Thailand_2006,Thailand,2006,5.885
Thailand_2007,Thailand,2007,5.784
Thailand_2008,Thailand,2008,5.636
Thailand_2009,Thailand,2009,5.476
Thailand_2010,Thailand,2010,6.217
Thailand_2011,Thailand,2011,6.664
Thailand_2012,Thailand,2012,6.300
Thailand_2013,Thailand,2013,6.231
Thailand_2014,Thailand,2014,6.985
Thailand_2015,Thailand,2015,6.202
Thailand_2016,Thailand,2016,6.074
Thailand_2017,Thailand,2017,5.939
Thailand_2018,Thailand,2018,6.012
Thailand_2019,Thailand,2019,6.022
Thailand_2020,Thailand,2020,5.885
Thailand_2021,Thailand,2021,5.638
Thailand_2022,Thailand,2022,6.007
Thailand_2023,Thailand,2023,6.282
Togo_2006,Togo,2006,3.202
Togo_2008,Togo,2008,2.808
Togo_2011,Togo,2011,2.936
Togo_2014,Togo,2014,2.839
Togo_2015,Togo,2015,3.768
Togo_2016,Togo,2016,3.879
Togo_2017,Togo,2017,4.361
Togo_2018,Togo,2018,4.023
Togo_2019,Togo,2019,4.179
Togo_2021,Togo,2021,4.037
Togo_2022,Togo,2022,4.239
Togo_2023,Togo,2023,4.365
Trinidad and Tobago_2006,Trinidad and Tobago,2006,5.832
Trinidad and Tobago_2008,Trinidad and Tobago,2008,6.696
Trinidad and Tobago_2011,Trinidad and Tobago,2011,6.519
Trinidad and Tobago_2013,Trinidad and Tobago,2013,6.168
Trinidad and Tobago_2017,Trinidad and Tobago,2017,6.192
Tunisia_2009,Tunisia,2009,5.025
Tunisia_2010,Tunisia,2010,5.131
Tunisia_2011,Tunisia,2011,4.876
Tunisia_2012,Tunisia,2012,4.464
Tunisia_2013,Tunisia,2013,5.246
Tunisia_2014,Tunisia,2014,4.764
Tunisia_2015,Tunisia,2015,5.132
Tunisia_2016,Tunisia,2016,4.521
Tunisia_2017,Tunisia,2017,4.124
Tunisia_2018,Tunisia,2018,4.741
Tunisia_2019,Tunisia,2019,4.315
Tunisia_2020,Tunisia,2020,4.731
Tunisia_2021,Tunisia,2021,4.499
Tunisia_2022,Tunisia,2022,4.261
Tunisia_2023,Tunisia,2023,4.505
Turkmenistan_2009,Turkmenistan,2009,6.568
Turkmenistan_2011,Turkmenistan,2011,5.792
Turkmenistan_2012,Turkmenistan,2012,5.464
Turkmenistan_2013,Turkmenistan,2013,5.392
Turkmenistan_2014,Turkmenistan,2014,5.787
Turkmenistan_2015,Turkmenistan,2015,5.791
Turkmenistan_2016,Turkmenistan,2016,5.887
Turkmenistan_2017,Turkmenistan,2017,5.229
Turkmenistan_2018,Turkmenistan,2018,4.621
Turkmenistan_2019,Turkmenistan,2019,5.474
Türkiye_2005,Türkiye,2005,4.719
Türkiye_2007,Türkiye,2007,5.623
Türkiye_2008,Türkiye,2008,5.118
Türkiye_2009,Türkiye,2009,5.213
Türkiye_2010,Türkiye,2010,5.490
Türkiye_2011,Türkiye,2011,5.272
Türkiye_2012,Türkiye,2012,5.309
Türkiye_2013,Türkiye,2013,4.888
Türkiye_2014,Türkiye,2014,5.580
Türkiye_2015,Türkiye,2015,5.514
Türkiye_2016,Türkiye,2016,5.326
Türkiye_2017,Türkiye,2017,5.607
Türkiye_2018,Türkiye,2018,5.186
Türkiye_2019,Türkiye,2019,4.872
Türkiye_2020,Türkiye,2020,4.862
Türkiye_2021,Türkiye,2021,4.367
Türkiye_2022,Türkiye,2022,5.093
Türkiye_2023,Türkiye,2023,5.463
Uganda_2006,Uganda,2006,3.734
Uganda_2007,Uganda,2007,4.456
Uganda_2008,Uganda,2008,4.569
Uganda_2009,Uganda,2009,4.612
Uganda_2010,Uganda,2010,4.193
Uganda_2011,Uganda,2011,4.826
Uganda_2012,Uganda,2012,4.309
Uganda_2013,Uganda,2013,3.710
Uganda_2014,Uganda,2014,3.770
Uganda_2015,Uganda,2015,4.238
Uganda_2016,Uganda,2016,4.233
Uganda_2017,Uganda,2017,4.001
Uganda_2018,Uganda,2018,4.322
Uganda_2019,Uganda,2019,4.948
Uganda_2020,Uganda,2020,4.641
Uganda_2021,Uganda,2021,4.225
Uganda_2022,Uganda,2022,4.425
Uganda_2023,Uganda,2023,4.467
Ukraine_2006,Ukraine,2006,4.804
Ukraine_2007,Ukraine,2007,5.252
Ukraine_2008,Ukraine,2008,5.172
Ukraine_2009,Ukraine,2009,5.166
Ukraine_2010,Ukraine,2010,5.058
Ukraine_2011,Ukraine,2011,5.083
Ukraine_2012,Ukraine,2012,5.030
Ukraine_2013,Ukraine,2013,4.711
Ukraine_2014,Ukraine,2014,4.297
Ukraine_2015,Ukraine,2015,3.965
Ukraine_2016,Ukraine,2016,4.029
Ukraine_2017,Ukraine,2017,4.311
Ukraine_2018,Ukraine,2018,4.662
Ukraine_2019,Ukraine,2019,4.702
Ukraine_2020,Ukraine,2020,5.270
Ukraine_2021,Ukraine,2021,5.311
Ukraine_2022,Ukraine,2022,4.637
Ukraine_2023,Ukraine,2023,4.672
United Arab Emirates_2006,United Arab Emirates,2006,6.734
United Arab Emirates_2009,United Arab Emirates,2009,6.866
United Arab Emirates_2010,United Arab Emirates,2010,7.097
United Arab Emirates_2011,United Arab Emirates,2011,7.119
United Arab Emirates_2012,United Arab Emirates,2012,7.218
United Arab Emirates_2013,United Arab Emirates,2013,6.621
United Arab Emirates_2014,United Arab Emirates,2014,6.540
United Arab Emirates_2015,United Arab Emirates,2015,6.568
United Arab Emirates_2016,United Arab Emirates,2016,6.831
United Arab Emirates_2017,United Arab Emirates,2017,7.039
United Arab Emirates_2018,United Arab Emirates,2018,6.604
United Arab Emirates_2019,United Arab Emirates,2019,6.711
United Arab Emirates_2020,United Arab Emirates,2020,6.458
United Arab Emirates_2021,United Arab Emirates,2021,6.733
United Arab Emirates_2022,United Arab Emirates,2022,6.738
United Arab Emirates_2023,United Arab Emirates,2023,6.728
United Kingdom_2005,United Kingdom,2005,6.984
United Kingdom_2007,United Kingdom,2007,6.802
United Kingdom_2008,United Kingdom,2008,6.986
United Kingdom_2009,United Kingdom,2009,6.907
United Kingdom_2010,United Kingdom,2010,7.029
United Kingdom_2011,United Kingdom,2011,6.869
United Kingdom_2012,United Kingdom,2012,6.881
United Kingdom_2013,United Kingdom,2013,6.918
United Kingdom_2014,United Kingdom,2014,6.758
United Kingdom_2015,United Kingdom,2015,6.515
United Kingdom_2016,United Kingdom,2016,6.824
United Kingdom_2017,United Kingdom,2017,7.103
United Kingdom_2018,United Kingdom,2018,7.233
United Kingdom_2019,United Kingdom,2019,7.157
United Kingdom_2020,United Kingdom,2020,6.798
United Kingdom_2021,United Kingdom,2021,6.867
United Kingdom_2022,United Kingdom,2022,6.722
United Kingdom_2023,United Kingdom,2023,6.658
United States_2006,United States,2006,7.182
United States_2007,United States,2007,7.513
United States_2008,United States,2008,7.280
United States_2009,United States,2009,7.158
United States_2010,United States,2010,7.164
United States_2011,United States,2011,7.115
United States_2012,United States,2012,7.026
United States_2013,United States,2013,7.249
United States_2014,United States,2014,7.151
United States_2015,United States,2015,6.864
United States_2016,United States,2016,6.804
United States_2017,United States,2017,6.992
United States_2018,United States,2018,6.883
United States_2019,United States,2019,6.944
United States_2020,United States,2020,7.028
United States_2021,United States,2021,6.959
United States_2022,United States,2022,6.693
United States_2023,United States,2023,6.521
Uruguay_2006,Uruguay,2006,5.786
Uruguay_2007,Uruguay,2007,5.694
Uruguay_2008,Uruguay,2008,5.664
Uruguay_2009,Uruguay,2009,6.296
Uruguay_2010,Uruguay,2010,6.062
Uruguay_2011,Uruguay,2011,6.554
Uruguay_2012,Uruguay,2012,6.450
Uruguay_2013,Uruguay,2013,6.444
Uruguay_2014,Uruguay,2014,6.561
Uruguay_2015,Uruguay,2015,6.628
Uruguay_2016,Uruguay,2016,6.171
Uruguay_2017,Uruguay,2017,6.336
Uruguay_2018,Uruguay,2018,6.372
Uruguay_2019,Uruguay,2019,6.600
Uruguay_2020,Uruguay,2020,6.310
Uruguay_2021,Uruguay,2021,6.502
Uruguay_2022,Uruguay,2022,6.671
Uruguay_2023,Uruguay,2023,6.662
Uzbekistan_2006,Uzbekistan,2006,5.232
Uzbekistan_2008,Uzbekistan,2008,5.311
Uzbekistan_2009,Uzbekistan,2009,5.261
Uzbekistan_2010,Uzbekistan,2010,5.095
Uzbekistan_2011,Uzbekistan,2011,5.739
Uzbekistan_2012,Uzbekistan,2012,6.019
Uzbekistan_2013,Uzbekistan,2013,5.940
Uzbekistan_2014,Uzbekistan,2014,6.049
Uzbekistan_2015,Uzbekistan,2015,5.972
Uzbekistan_2016,Uzbekistan,2016,5.893
Uzbekistan_2017,Uzbekistan,2017,6.421
Uzbekistan_2018,Uzbekistan,2018,6.205
Uzbekistan_2019,Uzbekistan,2019,6.154
Uzbekistan_2020,Uzbekistan,2020,5.842
Uzbekistan_2021,Uzbekistan,2021,6.185
Uzbekistan_2022,Uzbekistan,2022,6.016
Uzbekistan_2023,Uzbekistan,2023,6.385
Venezuela_2005,Venezuela,2005,7.170
Venezuela_2006,Venezuela,2006,6.525
Venezuela_2008,Venezuela,2008,6.258
Venezuela_2009,Venezuela,2009,7.189
Venezuela_2010,Venezuela,2010,7.478
Venezuela_2011,Venezuela,2011,6.580
Venezuela_2012,Venezuela,2012,7.067
Venezuela_2013,Venezuela,2013,6.553
Venezuela_2014,Venezuela,2014,6.136
Venezuela_2015,Venezuela,2015,5.569
Venezuela_2016,Venezuela,2016,4.041
Venezuela_2017,Venezuela,2017,5.071
Venezuela_2018,Venezuela,2018,5.006
Venezuela_2019,Venezuela,2019,5.081
Venezuela_2020,Venezuela,2020,4.574
Venezuela_2021,Venezuela,2021,5.108
Venezuela_2022,Venezuela,2022,5.949
Venezuela_2023,Venezuela,2023,5.765
Vietnam_2006,Vietnam,2006,5.294
Vietnam_2007,Vietnam,2007,5.422
Vietnam_2008,Vietnam,2008,5.480
Vietnam_2009,Vietnam,2009,5.304
Vietnam_2010,Vietnam,2010,5.296
Vietnam_2011,Vietnam,2011,5.767
Vietnam_2012,Vietnam,2012,5.535
Vietnam_2013,Vietnam,2013,5.023
Vietnam_2014,Vietnam,2014,5.085
Vietnam_2015,Vietnam,2015,5.076
Vietnam_2016,Vietnam,2016,5.062
Vietnam_2017,Vietnam,2017,5.175
Vietnam_2018,Vietnam,2018,5.296
Vietnam_2019,Vietnam,2019,5.467
Vietnam_2020,Vietnam,2020,5.462
Vietnam_2021,Vietnam,2021,5.540
Vietnam_2022,Vietnam,2022,6.267
Vietnam_2023,Vietnam,2023,6.325
Yemen_2007,Yemen,2007,4.477
Yemen_2009,Yemen,2009,4.809
Yemen_2010,Yemen,2010,4.350
Yemen_2011,Yemen,2011,3.746
Yemen_2012,Yemen,2012,4.061
Yemen_2013,Yemen,2013,4.218
Yemen_2014,Yemen,2014,3.968
Yemen_2015,Yemen,2015,2.983
Yemen_2016,Yemen,2016,3.826
Yemen_2017,Yemen,2017,3.254
Yemen_2018,Yemen,2018,3.058
Yemen_2019,Yemen,2019,4.197
Yemen_2022,Yemen,2022,3.590
Yemen_2023,Yemen,2023,3.532
Zambia_2006,Zambia,2006,4.824
Zambia_2007,Zambia,2007,3.998
Zambia_2008,Zambia,2008,4.730
Zambia_2009,Zambia,2009,5.260
Zambia_2011,Zambia,2011,4.999
Zambia_2012,Zambia,2012,5.013
Zambia_2013,Zambia,2013,5.244
Zambia_2014,Zambia,2014,4.346
Zambia_2015,Zambia,2015,4.843
Zambia_2016,Zambia,2016,4.348
Zambia_2017,Zambia,2017,3.933
Zambia_2018,Zambia,2018,4.041
Zambia_2019,Zambia,2019,3.307
Zambia_2020,Zambia,2020,4.838
Zambia_2021,Zambia,2021,3.082
Zambia_2022,Zambia,2022,3.728
Zambia_2023,Zambia,2023,3.686
Zimbabwe_2006,Zimbabwe,2006,3.826
Zimbabwe_2007,Zimbabwe,2007,3.280
Zimbabwe_2008,Zimbabwe,2008,3.174
Zimbabwe_2009,Zimbabwe,2009,4.056
Zimbabwe_2010,Zimbabwe,2010,4.682
Zimbabwe_2011,Zimbabwe,2011,4.846
Zimbabwe_2012,Zimbabwe,2012,4.955
Zimbabwe_2013,Zimbabwe,2013,4.690
Zimbabwe_2014,Zimbabwe,2014,4.184
Zimbabwe_2015,Zimbabwe,2015,3.703
Zimbabwe_2016,Zimbabwe,2016,3.735
Zimbabwe_2017,Zimbabwe,2017,3.638
Zimbabwe_2018,Zimbabwe,2018,3.616
Zimbabwe_2019,Zimbabwe,2019,2.694
Zimbabwe_2020,Zimbabwe,2020,3.160
Zimbabwe_2021,Zimbabwe,2021,3.155
Zimbabwe_2022,Zimbabwe,2022,3.296
Zimbabwe_2023,Zimbabwe,2023,3.572
